SCHOOLDIST,BORO,INITIALS,CREAT_DATE,EDIT_DATE,ZONED_DIST,BORO_NUM,Shape_Leng,Shape_Area,REMARKS,DBN,ESID_NO,Label
21,BK,BG,08/06/2001,,21,3,13911.283046500000637,10480088.343100000172853,,21K188,117,188
21,BK,BG,08/12/2011,,21,3,11668.376953299999514,3870862.126149999909103,,21K288,118,288
21,BK,BG,08/12/2011,,21,3,18376.435682800001814,6543570.566060000099242,,21K329,120,329
21,BK,BG,08/12/2011,,21,3,6782.790944010000203,1833886.205210000043735,,21K288,121,288
21,BK,BG,08/12/2011,,21,3,2034.92139973999997,212939.871257999999216,,21K329,122,329
21,BK,BG,08/06/2001,4/9/12,21,3,3973.183603250000033,689362.679578999988735,Option to attend several elementary schools in District 21. Contact 718-935-2003 for more information.,,128,Option
22,BK,BG,07/31/2001,4/5/04,22,3,17340.417109499998332,13432772.600400000810623,,22K195,1,195
22,BK,BG,07/31/2001,,22,3,13293.762409799999659,8291388.456480000168085,,22K254,2,254
22,BK,BG,07/31/2001,,22,3,14817.998094900000069,8505349.393890000879765,,22K255,7,255
21,BK,BG,08/06/2001,,21,3,14150.444181099999696,9579792.809019999578595,,21K100,124,100
21,BK,BG,08/06/2001,,21,3,11939.27272400000038,6988907.68766999989748,,21K253,125,253
21,BK,BG,08/06/2001,,21,3,14369.027574699999604,8756277.65591000020504,,21K225,126,225
21,BK,BG,08/06/2001,,21,3,12794.294331900000543,8408923.077290000393987,,21K216,133,216
21,BK,BG,08/06/2001,,21,3,13202.218756899999789,9982935.430980000644922,,21K209,134,209
15,BK,BG,08/06/2001,,15,3,10580.278803200000766,4993794.176740000024438,,15K094,94,94
15,BK,BG,08/06/2001,,15,3,13099.588417999999365,8003233.586600000038743,,15K131,97,131
15,BK,BG,08/06/2001,,15,3,15632.015742300000056,8015004.896180000156164,,15K058,112,58
16,BK,BG,08/01/2001,,16,3,8630.12894229000085,3755559.127580000087619,,16K308,75,308
15,BK,BG,08/06/2001,,15,3,46299.267932399998244,15826326.815400000661612,,15K015,100,15
15,BK,BG,08/06/2001,,15,3,17817.780020999998669,8239504.358439999632537,,15K676,102,676
15,BK,BG,08/06/2001,,15,3,12248.435632999999143,4597222.438280000351369,,15K295,106,295
15,BK,BG,08/06/2001,,15,3,13756.749669900000299,5968713.470259999856353,,15K010,107,10
15,BK,BG,08/06/2001,,15,3,14949.54068449999977,8651595.481109999120235,,15K124,111,124
19,BK,JO,08/07/2001,4/9/12,19,3,6099.093167940000058,2051358.682180000003427,Option to attend several elementary schools in District 19. Contact 718-935-2003 for more information.,,183,
15,BK,BG,08/06/2001,,15,3,17534.345640799998364,8577851.231780000030994,,15K029,113,29
15,BK,BG,08/06/2001,,15,3,12804.623835099999269,7246291.821659999899566,,15K032,115,32
15,BK,BG,08/06/2001,,15,3,19931.318324600000778,8769958.858009999617934,,15K261,116,261
20,BK,BG,08/12/2011,8/10/06,20,3,4478.063085910000154,659355.832935999962501,"PS 247 is located in District 20, with a portion of the zone located in District 21.",20K247,131,247
20,BK,,,,20,3,14929.859115999999631,9778635.725509999319911,Dyker Beach Golf Course,,208,
20,BK,BG,08/07/2001,,20,3,12294.807088899999144,6053773.364599999971688,,20K229,210,229
20,BK,BG,08/07/2001,,20,3,12317.028433600000426,6576429.374019999988377,,20K163,211,163
20,BK,BG,08/07/2001,,20,3,19361.810886800001754,13297650.040400000289083,,20K127,215,127
20,BK,BG,08/07/2001,,20,3,15875.990794299999834,11887693.630100000649691,,20K204,216,204
20,BK,BG,,,20,3,21631.055924000000232,21860510.730900000780821,,20K104,773,104
20,BK,BG,08/07/2001,,20,3,13146.095956900000601,7011020.113939999602735,,20K186,218,186
20,BK,BG,08/12/2011,,20,3,14054.546470499999486,4315029.48304000031203,,20K247,219,247
20,BK,BG,08/07/2001,,20,3,15288.812930399999459,7394241.796679999679327,,20K205,220,205
20,BK,BG,08/07/2001,,20,3,13454.485115100000257,6969508.329850000329316,,20K048,221,48
20,BK,BG,08/07/2001,,20,3,11807.697286299999178,6109457.591190000064671,,20K112,222,112
20,BK,BG,08/12/2011,,20,3,12443.685940199999095,7362393.015929999761283,,20K160,227,160
20,BK,BG,08/07/2001,06/15/10,20,3,18034.360389900000882,13169701.39159999974072,,20K180,228,180
20,BK,BG,08/07/2001,,20,3,10474.096235999999408,5973673.775190000422299,,20K164,229,164
13,BK,BG,08/07/2001,,13,3,4404.750409250000303,687148.643889000057243,,13K307,249,307
20,BK,BG,08/07/2001,06/15/10,20,3,13677.460882199999105,7613357.41363999992609,,20K105,226,105
20,BK,JO,08/12/2011,5/08/2012,20,3,26410.381585800001631,9456957.990819999948144,,20K506,225,506
20,BK,BG,08/07/2001,,20,3,16930.659092699999746,11499564.071100000292063,,20K176,223,176
20,BK,BG,08/07/2001,,20,3,16945.084030499998335,13191024.664000000804663,,20K102,214,102
20,BK,BG,08/07/2001,,20,3,16666.681866599999921,9867339.847209999337792,,20K170,224,170
20,BK,JB,08/07/2001,06/15/10,20,3,13464.145045699999173,4416802.301040000282228,,20K069,766,69
15,BK,BG,08/06/2001,,15,3,32391.317208000000392,10379061.700699999928474,,15K172,101,172
20,BK,JO,08/12/2011,12/09/12,20,3,8053.683199469999636,3791473.768740000203252,"In 2013-14, Grades K-3 are zoned to PS 264; Grades 4-5 are zoned to PS 185 or PS 104.","20K264,20K185,20K104",774,"264 (K-3), 185 (4-5), 104 (4-5)"
20,BK,JO,08/12/2011,05/11/12,21,3,2072.190495759999976,186551.588046999997459,"Zoned to PS 128, located in District 21.",21K128,795,128
15,BK,BG,08/06/2001,,15,3,27481.359831099998701,10334378.808399999514222,,15K001,93,1
15,BK,BG,08/06/2001,,15,3,12729.994531300000745,8410902.63952000066638,,15K169,98,169
15,BK,,,,15,3,18657.517444599998271,20958531.590799998492002,Greenwood Cemetery,,99,
15,BK,AMG,04/22/05,,15,3,25789.66469109999889,12798958.60050000064075,,15K024,767,24
21,BK,BG,08/06/2001,,21,3,10882.676627900000312,6910618.8748700004071,,21K097,136,97
21,BK,AMG,07/18/06,,21,3,12385.712170299999343,4892519.275670000351965,,21K128,771,128
20,BK,BG,,,20,3,18533.308838199998718,15569169.776799999177456,,20K185,772,185
19,BK,BG,08/07/2001,,19,3,15778.435021400000551,7190592.872019999660552,Park/Cemeteries,,203,
22,BK,BG,07/31/2001,,22,3,19293.866654500001459,11051646.650000000372529,,22K197,8,197
22,BK,BG,07/31/2001,,22,3,19779.360536500000308,16367217.836600000038743,,22K222,9,222
22,BK,BG,07/31/2001,,22,3,18250.396242099999654,16709303.911599999293685,,22K193,11,193
22,BK,BG,07/31/2001,,22,3,16670.784505399999034,9925246.003699999302626,,22K217,14,217
22,BK,BG,08/12/2011,7/28/05,22,3,25566.134579000001395,16875194.820799998939037,Optional shared zone: PS 152 (K-5) and PS 315 (K-5) share a zone.,"22K152,22K315",15,"152, 315"
22,BK,BG,07/31/2001,,22,3,16451.000516600000992,7635028.70196000020951,,22K139,16,139
22,BK,BG,08/12/2011,,22,3,14158.847379799999544,9570695.204709999263287,Optional shared zone: PS 361 (K-2); PS 269 (3-5) share a zone.,"22K269,22K361",21,"361 (K-2), 269 (3-5)"
22,BK,BG,07/31/2001,,22,3,12062.594990199999302,6716716.552670000120997,,22K198,22,198
22,BK,BG,07/31/2001,,22,3,12764.533546700000443,7912524.663499999791384,,22K251,23,251
22,BK,JO,08/12/2011,5/11/12,22,3,12180.147791900000811,8553239.528319999575615,Students in grades K-2 are zoned to PS 326.  Students in grades 2-5 are zoned to PS 119.,"22K119,22K326",24,"326 (K-2), 119 (2-5)"
22,BK,BG,07/31/2001,,22,3,20609.600443300001643,17961063.031399998813868,,22K203,25,203
22,BK,BG,07/31/2001,,22,3,21821.36159680000128,24755828.513000000268221,,22K236,26,236
22,BK,BG,07/31/2001,,22,3,28337.315642500001559,30288594.018899999558926,,22K312,27,312
13,BK,JO,,05/03/2012,14,3,3158.171414020000157,402078.329984000010882,"Zoned to PS/IS 157, which is located in District 14.",14K157,242,157
14,BK,BG,07/31/2001,04/09/12,14,3,15008.204771299999265,7296242.587740000337362,,14K157,28,157
14,BK,BG,07/31/2001,,14,3,6302.10437155999989,2012510.094359999988228,,14K297,29,297
14,BK,BG,07/31/2001,9/2/04,14,3,8219.657925749999777,1663048.082459999946877,,14K023,30,23
14,BK,BG,07/31/2001,9/2/04,14,3,7447.318483570000353,3153348.143829999957234,,14K059,31,59
14,BK,BG,07/31/2001,9/2/04,14,3,9699.880418389999249,2472698.284729999955744,,14K120,32,120
23,BK,JO,12/09/2012,,23,3,7467.724096160000045,3439593.391909999772906,"Beginning in 2013-14, District 23 is unzoned at the elementary school level.  Call 718-935-2003 for more information.",Unzoned,47,
13,BK,BG,08/07/2001,,13,3,11408.672667500000898,4315079.434290000237525,,13K054,243,54
16,BK,BG,08/01/2001,9/2/04,16,3,10334.586486800000785,5552060.799730000086129,,16K243,62,243
16,BK,BG,08/01/2001,9/2/04,16,3,10227.380137599999216,3799931.773940000217408,,16K028,63,28
16,BK,BG,08/01/2001,9/2/04,16,3,12207.51958249999916,3788932.083370000123978,,16K335,64,335
16,BK,BG,08/01/2001,4/9/12,16,3,3265.448173119999865,666387.078922000015154,Option to attend several District 16 Elementary Schools. Contact 718-935-2003 for more information.,,65,
16,BK,BG,08/01/2001,4/9/12,16,3,3304.118976260000181,672917.735826999996789,Option to attend several District 16 Elementary Schools. Contact 718-935-2003 for more information.,,66,
16,BK,BG,08/01/2001,9/3/04,16,3,5588.834496200000103,1633767.477680000010878,,16K021,67,21
16,BK,BG,08/01/2001,9/2/04,16,3,9657.994214509999438,4627641.623759999871254,,16K262,68,262
16,BK,BG,08/01/2001,,16,3,7172.919351300000017,2568337.427869999781251,,16K040,69,40
16,BK,BG,08/01/2001,9/2/04,16,3,10782.951334499999575,3769100.309419999830425,,16K005,70,5
16,BK,BG,08/01/2001,,16,3,8700.171570160000556,3614328.451450000051409,,16K025,71,25
16,BK,BG,08/12/2011,,16,3,5864.234673920000205,1713312.020060000009835,Optional shared zone: PS 627 (K-5) and PS 636 (K-5) share a zone.,"16K627,16K636",72,"627, 636"
16,BK,BG,08/01/2001,9/2/04,16,3,8757.695022249999965,3056937.419139999896288,,16K081,73,81
16,BK,BG,08/01/2001,9/2/04,16,3,9268.720562169999539,2644538.790020000189543,,16K026,74,26
16,BK,BG,08/01/2001,9/2/04,16,3,12625.285140399999364,4860774.215680000372231,,16K309,76,309
13,BK,BG,08/01/2001,4/9/12,16,3,2728.529855400000088,445537.30803700000979,Option to attend several District 16 Elementary Schools. Contact 718-935-2003 for more information.,,77,
32,BK,BG,08/03/2001,03/27/12,32,3,12133.337716899999577,5321847.293109999969602,,32K274,79,274
32,BK,BG,08/03/2001,,32,3,7581.327125570000135,1965417.611310000065714,,32K086,82,86
32,BK,BG,08/03/2001,,32,3,7166.213516509999863,1534732.528679999988526,,32K376,84,376
32,BK,BG,08/03/2001,,32,3,7382.171081409999715,2034114.241970000090078,,32K116,85,116
32,BK,BG,08/03/2001,,32,3,8939.240912269999171,3376001.434359999839216,,32K075,86,75
32,BK,BG,08/03/2001,,32,3,9549.404773710000882,3703004.404589999932796,,32K106,88,106
32,BK,BG,08/03/2001,,32,3,7098.765180280000095,2156645.187469999771565,,32K151,89,151
32,BK,BG,08/03/2001,,32,3,7212.502790999999888,3185840.501790000125766,,32K384,90,384
32,BK,BG,08/03/2001,,32,3,9127.496997449999981,3296654.69980000006035,,32K299,91,299
13,BK,BG,08/07/2001,9/2/04,13,3,9542.716839000000618,2892960.877419999800622,,13K270,244,270
32,BK,BG,08/03/2001,,32,3,13220.94287980000081,6387650.597710000351071,,32K045,92,45
21,BK,BG,08/06/2001,,21,3,16894.224553700001707,9411175.573960000649095,,21K238,140,238
21,BK,BG,08/06/2001,,21,3,16350.996568500000649,10264146.281700000166893,,21K099,143,99
21,BK,BG,08/06/2001,,21,3,18388.268833400001313,10323365.749099999666214,,21K199,145,199
17,BK,BG,08/06/2001,,17,3,8677.85086186999979,3923554.590650000143796,,17K399,150,399
17,BK,BG,08/06/2001,,17,3,11918.382174700000178,5026045.782080000266433,,17K397,152,397
17,BK,BG,08/06/2001,,17,3,12191.391056300000855,5972580.900480000302196,,17K289,158,289
17,BK,BG,08/06/2001,,17,3,7236.041763569999603,3027331.554070000071079,"For 2013-14, Grades K-2 are zoned to PS 532; Grades 3-5 are zoned to PS 167.","17K532,17K167",159,"532 (K-2),167 (3-5)"
17,BK,BG,08/06/2001,,17,3,6640.110828910000237,2163265.979540000203997,,17K191,160,191
17,BK,BG,08/06/2001,,17,3,9163.427909190000719,2781628.17105000000447,,17K012,161,12
17,BK,BG,08/13/2011,,17,3,11788.672328500000731,4372796.362259999848902,PS 189 is a District 17 bilingual school.,17K189,162,189
17,BK,BG,08/06/2001,,17,3,11859.1484032999997,4860823.380549999885261,,17K398,163,398
17,BK,BG,08/06/2001,,17,3,14078.235318700000789,6475371.638469999656081,,17K221,164,221
17,BK,BG,08/06/2001,,17,3,15530.143075199999657,9019560.747489999979734,,17K091,165,91
17,BK,BG,08/06/2001,,17,3,15409.757777799999531,8109696.191460000351071,,17K161,166,161
18,BK,BG,08/06/2001,,18,3,19562.752854400001524,11488387.825799999758601,,18K272,167,272
18,BK,BG,08/06/2001,,18,3,24675.658343300001434,12016303.633199999108911,Canarsie Beach Park,,168,
18,BK,BG,08/06/2001,,18,3,15695.137849900000219,7614907.446949999779463,,18K135,180,135
18,BK,BG,08/06/2001,,18,3,15129.542334499999924,6679153.232019999995828,,18K279,169,279
18,BK,BG,08/06/2001,,18,3,15897.548902000000453,11465050.24379999935627,,18K276,171,276
18,BK,BG,08/06/2001,,18,3,12735.652337699999407,5622227.038159999996424,,18K268,174,268
18,BK,BG,08/06/2001,,18,3,11629.960121599999184,6961094.437979999929667,,18K219,175,219
18,BK,JO,08/06/2001,05/04/2012,18,3,17299.018416700000671,15396430.211100000888109,"PS/IS 66, an unzoned choice K-8 option, is also located in this zone.",18K233,176,233
18,BK,BG,08/06/2001,,18,3,20726.248915299998771,14590699.694299999624491,,18K208,177,208
18,BK,BG,08/06/2001,,18,3,8830.315293469999233,4082853.836430000141263,Holy Cross Cemetery,,178,
18,BK,BG,08/06/2001,,18,3,11340.071007000000463,5341227.584529999643564,,18K235,179,235
18,BK,BG,08/06/2001,,18,3,13180.860395399999106,9487671.773169999942183,,18K244,181,244
19,BK,JO,08/07/2001,12/09/2012,19,3,13477.071657399999822,6193105.673580000177026,"In 2013-14, Grades K-4 are zoned to PS 325; Grades 5 is zoned to PS 260.","19K325,19K260",184,"325 (K-4), 260 (5)"
19,BK,BG,08/07/2001,,19,3,9491.516963039999609,4615636.937930000014603,,19K306,185,306
19,BK,BG,08/07/2001,,19,3,25877.066847499998403,15907345.842100000008941,,19K273,186,273
19,BK,BG,08/07/2001,,19,3,33736.919488599996839,39097707.995700001716614,,19K224,187,224
19,BK,BG,08/07/2001,,19,3,11212.196176800000103,4316869.35871999990195,,19K213,188,213
19,BK,BG,08/07/2001,,19,3,7341.923650570000063,2472759.654610000085086,,19K190,189,190
19,BK,BG,08/07/2001,,19,3,6884.011546740000085,1885953.149019999895245,"For 2013-14, Grades K-2 are zoned to PS 557; Grades 3-5 are zoned to PS 174.","19K557,19K174",190,"557 (K-2), 174 (3-5)"
19,BK,BG,08/07/2001,,19,3,12514.376845900000262,6623431.686540000140667,,19K214,201,214
19,BK,BG,08/07/2001,,19,3,11242.486913200000345,5592307.629270000383258,Cemetery of the Evergreens,,202,
19,BK,BG,08/07/2001,,19,3,15142.381363500000589,4426800.643339999951422,,19K013,191,13
19,BK,BG,08/07/2001,,19,3,14416.295462300000509,6774356.885209999978542,,19K202,192,202
19,BK,BG,08/07/2001,,19,3,9292.618598880000718,2568571.693709999788553,,19K328,194,328
19,BK,BG,08/07/2001,,19,3,8939.308829469999182,4529624.534529999829829,"Option to attend PS 13, PS 149, PS 174, or PS 328. Contact 718-935-2003 for more information.",,195,"13, 149, 174, 328"
19,BK,BG,08/07/2001,,19,3,14300.320363900000302,5896410.482909999787807,,19K149,196,149
19,BK,BG,08/07/2001,,19,3,10931.424893299999894,6081924.120210000313818,,19K158,197,158
19,BK,BG,08/07/2001,,19,3,11948.733681600000637,4357837.074009999632835,,19K677,198,677
19,BK,BG,08/12/2011,,19,3,10484.77410620000046,5335759.939640000462532,,19K345,199,345
19,BK,BG,08/07/2001,,19,3,11278.361211800000092,5923154.180929999798536,,19K159,200,159
19,BK,BG,08/07/2001,,19,3,15540.693282700000054,7927390.361510000191629,,19K290,204,290
19,BK,BG,08/07/2001,,19,3,14447.182068599999184,6882180.926429999992251,,19K108,205,108
19,BK,BG,08/07/2001,,19,3,10092.779156299999158,5382434.932359999977052,,19K065,206,65
19,BK,BG,08/07/2001,,19,3,9178.729815439999584,4907849.769150000065565,,19K007,207,7
13,BK,BG,08/07/2001,9/2/04,13,3,14298.818084399999861,5669663.498970000073314,,13K011,235,11
13,BK,BG,08/07/2001,9/2/04,13,3,11575.394097799999145,5657619.057550000026822,,13K056,236,56
13,BK,BG,08/07/2001,,13,3,10918.021882200000618,4434726.457779999822378,,13K003,237,3
13,BK,BG,08/07/2001,9/2/04,13,3,13740.31491620000088,5362457.470030000433326,,13K093,238,93
13,BK,BG,08/07/2001,9/2/04,13,3,8270.590820460000032,4033693.996720000170171,,13K044,239,44
13,BK,BG,08/07/2001,,13,3,9253.292596150000463,4062014.045479999855161,,13K305,240,305
13,BK,BG,08/07/2001,9/2/04,13,3,8161.975496629999725,3416510.461240000091493,,13K256,241,256
13,BK,BG,08/07/2001,9/2/04,13,3,7486.241694289999941,3118891.767279999796301,,13K046,247,46
19,BK,BG,08/07/2001,,19,3,28268.030463300001429,22434840.61089999973774,,19K346,182,346
18,BK,AMG,5/22/02,,18,3,27098.40114000000176,17198293.956999998539686,,18K115,170,115
18,BK,AMG,11/22/02,,18,3,28618.132420400001138,22167941.387499999254942,,18K114,750,114
17,BK,BG,08/06/2001,,17,3,9912.053357049999249,3603009.33309999993071,,17K092,153,92
17,BK,BG,08/06/2001,,17,3,16460.206799499999761,7245584.998440000228584,,17K181,151,181
17,BK,BG,08/06/2001,,17,3,16315.331688800000848,7128353.833700000308454,,17K138,157,138
24,QN,EP,08/12/2011,11/15/12,28,4,3511.192348749999837,730667.480930999969132,"For 2013-14, Grades K-3 are zoned to PS 330. Grades 4-5 are zoned to PS 139 located in District 28.","24Q330,28Q139",796,"330 (K-3), 139 (4-5)"
17,BK,JO,08/06/2001,12/19/2012,17,3,8850.056694770000831,4679800.824850000441074,,17K249,147,249
17,BK,BG,08/06/2001,,17,3,11778.859732099999746,7345398.828259999863803,,17K241,156,241
17,BK,AMG,6/13/05,5/20/05,17,3,15255.52507390000028,8807961.65751999989152,,17K375,768,375
17,BK,BG,08/06/2001,,17,3,12632.483379799999966,3568986.844250000081956,,17K006,148,6
17,BK,BG,08/06/2001,9/2/04,17,3,8210.534693859999607,3608729.737129999790341,,17K316,155,316
17,BK,JO,12/09/2012,,17,3,10855.089487699999154,5089416.86034999974072,"For 2013-14, Grades K-4 are zoned to PS 705; Grade 5 is zoned to PS 22.","17K705,17K022",154,"705 (K-4), 22 (5)"
13,BK,AMG,6/13/05,,13,3,13551.243630200000553,8376552.03902000002563,,13K009,769,9
14,BK,BG,08/01/2001,9/2/04,14,3,12722.155984299999545,6223254.245860000140965,,14K084,37,84
14,BK,JO,08/01/2001,12/09/2012,14,3,7537.118210579999868,2804695.571949999779463,Optional shared zone: PS 319 (K-1) or PS 414 is phasing in K-3; Grades 4-5 are zoned to PS 19 (during the 2013-14 school year).,"14K319,14K414,14K019",38,"319 (K-1), 414 (K-3), 19 (4-5)"
14,BK,BG,08/01/2001,,14,3,5643.457747399999789,1620627.663699999917299,,14K018,40,18
30,QN,AP,08/12/2011,3/21/12,30,4,5977.743974910000361,2203578.448090000078082,Zoned by address to: PS 111 for Grades K-5. Contact 718-935-2003 for more information.,30Q111,844,111
14,BK,BG,08/01/2001,9/2/04,14,3,18145.96394109999892,13882751.987800000235438,,14K196,41,196
14,BK,BG,08/01/2001,9/2/04,14,3,22138.043937599999481,12935063.555299999192357,,14K017,42,17
14,BK,BG,08/01/2001,9/2/04,14,3,21903.880023599998822,13448247.029799999669194,,14K132,43,132
14,BK,BG,08/01/2001,9/2/04,14,3,19585.78879550000056,14845340.746600000187755,,14K031,44,31
14,BK,BG,08/01/2001,,14,3,20438.282016199998907,12787293.281300000846386,,14K034,45,34
14,BK,BG,08/01/2001,9/2/04,14,3,21810.68290849999903,25341622.594799999147654,,14K110,46,110
21,BK,BG,08/06/2001,,21,3,18273.336294600001565,13905881.335699999704957,,21K090,123,90
21,BK,BG,08/06/2001,,21,3,28881.801726400000916,22042946.29619999974966,,21K212,127,212
21,BK,BG,08/06/2001,,21,3,22792.621127099999285,12495817.676100000739098,,21K101,132,101
21,BK,BG,08/06/2001,,21,3,17306.954098400001385,10480626.249900000169873,,21K095,135,95
20,BK,BG,08/07/2001,,20,3,16427.947459800001525,10722192.293099999427795,,20K200,209,200
15,BK,BG,08/06/2001,,15,3,12168.667453800000658,6280972.761559999547899,,15K230,103,230
22,BK,BG,07/31/2001,,22,3,21302.443550399999367,18468337.917399998754263,,22K052,3,52
22,BK,BG,07/31/2001,,22,3,19347.739923900000576,13238145.779400000348687,,22K206,4,206
22,BK,BG,07/31/2001,,22,3,16403.361531999998988,9130096.42968999966979,,22K194,5,194
22,BK,BG,07/31/2001,,22,3,20314.924183700000867,12888898.744599999859929,,22K277,6,277
22,BK,BG,07/31/2001,,22,3,63709.326659199999995,122928589.410999998450279,,22K207,10,207
21,BK,BG,08/06/2001,,21,3,16600.697092700000212,10468607.705700000748038,,21K215,137,215
21,BK,BG,08/06/2001,,21,3,15421.823218100000304,8872769.359850000590086,,21K153,138,153
15,BK,BG,08/06/2001,,15,3,12951.085811700000704,7638553.508600000292063,,15K130,104,130
15,BK,BG,08/06/2001,,15,3,12070.404771499999697,6542797.273040000349283,,15K154,105,154
15,BK,BG,08/06/2001,,15,3,10064.423548700000538,3754080.123869999777526,,15K107,108,107
15,BK,BG,08/06/2001,,15,3,11447.032761899999969,4646668.720610000193119,,15K039,109,39
15,BK,BG,08/06/2001,,15,3,14145.381924200000867,9524630.238940000534058,,15K321,110,321
15,BK,BG,08/06/2001,,15,3,13653.971042900000612,7795126.615919999778271,,15K038,114,38
21,BK,BG,08/06/2001,,21,3,15299.58005249999951,8187145.401879999786615,,21K177,139,177
21,BK,BG,08/06/2001,,21,3,16881.506965199998376,8935683.243580000475049,,21K121,141,121
21,BK,BG,08/06/2001,,21,3,14532.650064199999179,7776062.541000000201166,,21K226,144,226
20,BK,BG,08/07/2001,,20,3,14034.074791999999434,7132076.342790000140667,,20K192,230,192
13,BK,BG,08/07/2001,9/2/04,13,3,13143.59589589999996,6286029.749889999628067,,13K282,233,282
13,BK,BG,08/07/2001,,13,3,18872.705073599998286,11528174.310399999842048,,13K020,245,20
13,BK,BG,08/07/2001,9/2/04,13,3,6160.827282180000111,2030120.581550000002608,,13K067,246,67
13,BK,BG,08/07/2001,9/2/04,13,3,16351.998805499999435,6631559.148000000044703,,13K287,248,287
14,BK,BG,08/01/2001,9/2/04,14,3,26878.356250900000305,13361182.702899999916553,,14K016,34,16
14,BK,BG,08/01/2001,,14,3,7206.933391190000293,1910977.860420000040904,,14K257,35,257
9,BX,DMH,8/1/2001,8/28/2001,9,2,8959.201665560000038,2504426.91020999988541,,09X110,658,110
13,BK,BG,08/07/2001,9/2/04,13,3,46266.428446700003406,23800344.809399999678135,,13K008,250,8
20,BK,BG,07/31/2001,9/2/05,20,3,14288.182442400000582,8648140.190640000626445,,20K179,12,179
14,BK,BG,08/01/2001,,14,3,15842.336642099999153,10795250.730900000780821,,14K380,33,380
14,BK,BG,08/01/2001,9/2/04,14,3,9355.7296969300005,2952459.006529999896884,,14K147,36,147
14,BK,BG,08/01/2001,,14,3,10358.7413190999996,4673911.337709999643266,,14K250,39,250
32,BK,BG,08/03/2001,,32,3,17368.522321600001305,9891826.620799999684095,,32K145,78,145
32,BK,BG,08/03/2001,,32,3,10519.016745900000387,5545116.717790000140667,,32K123,80,123
20,BK,JO,08/12/2011,05/08/12,20,3,19512.296600599998783,6613407.701930000446737,,20K503,816,503
20,BK,JO,08/12/2011,12/09/2012,20,3,10989.991523500000767,4078828.176169999875128,"In 2013-14, Grades K-3 are zoned to PS 971; Grades 4-5 are zoned to PS 69.","20K971,20K069",814,"971 (K-3), 69 (4-5)"
20,BK,JO,08/12/2011,12/09/12,20,3,7763.088569479999933,2533762.267459999769926,"In 2013-14, Grades K-4 are zoned to PS 310; Grade 5 is zoned to PS 69.","20K310,20K069",815,"310 (K-4), 69 (5)"
0,BX,,,,0,2,17425.814151300000958,17797358.413699999451637,Riker's Island,,600,
8,BX,DMH,8/2/2001,9/3/02,8,2,7194.880657790000441,2648677.697860000189394,,08X075,681,75
7,BX,AS,12/10/2012,,7,2,17242.150785000001633,14036940.435200000181794,"Southern Priority Area. Beginning in 2013-14, District 7 is unzoned at the elementary level.  Please call 718-935-2003 for more information.",Unzoned,633,Southern Priority Area.
9,BX,JB,06/15/10,06/15/10,9,2,8823.309270629999446,3155637.712660000193864,,09X035,775,35
9,BX,JB,8/2/2001,06/15/10,9,2,8190.17921294000007,2332552.384200000204146,,09X109,776,109
9,BX,JB,8/2/2001,06/15/10,9,2,9325.285392940000747,4745411.809019999578595,,09X011,777,11
9,BX,JB,05/15/10,06/15/10,9,2,8706.367134359999909,2950419.671589999925345,Optional Shared Zone: PS 443 (Grades K-5) and PS 457 (Grades K-5) share a zone.,"09X443,09X457",778,"443, 457"
11,BX,DMH,7/31/2001,,11,2,22498.896587899998849,14948776.466000000014901,,11X083,613,83
11,BX,DMH,7/31/2001,,11,2,13223.208334900000409,7729008.870620000176132,,11X076,618,76
11,BX,DMH,7/31/2001,,11,2,15329.372560399999202,10547830.276300000026822,,11X041,619,41
11,BX,DMH,7/31/2001,,11,2,16163.399498099999619,9487231.233549999073148,,11X103,620,103
11,BX,DMH,7/31/2001,,11,2,12509.255467999999382,7446121.106820000335574,,11X019,621,19
11,BX,DMH,7/31/2001,4/30/08,11,2,16194.3915906000002,7636988.254239999689162,,11X016,622,16
9,BX,DMH,8/1/2001,8/28/2001,9,2,8982.325492230000236,3989770.702169999945909,,09X073,652,73
11,BX,DMH,7/31/2001,8/10/2010,11,2,22457.125541000001249,25678434.184999998658895,,11X097,623,97
11,BX,DMH,7/31/2001,8/10/2010,11,2,13690.086541399999987,9269801.397649999707937,,11X121,624,121
11,BX,DMH,7/31/2001,,11,2,17137.550604799998837,12790487.270899999886751,,11X078,625,78
11,BX,DMH,7/31/2001,5/24/07,11,2,8008.514564179999979,3286967.41025000018999,,11X112,626,112
11,BX,DMH,7/31/2001,,11,2,17082.21028170000136,10053308.511099999770522,,11X021,627,21
11,BX,DMH,7/31/2001,4/30/08,11,2,14599.101320499999929,10180459.152699999511242,,11X087,628,87
9,BX,DMH,8/1/2001,8/03/2011,9,2,4692.346470749999753,984600.09947400004603,Northern portion of PS 4 zone.,09X004,648,4
9,BX,DMH,8/1/2001,8/28/2001,9,2,10287.706062699999165,3245666.398370000068098,,09X063,649,63
9,BX,DMH,8/1/2001,8/28/2001,9,2,7746.920610770000167,3180064.909419999923557,,09X132,650,132
30,QN,AP,08/12/2011,3/21/12,30,4,5977.743974910000361,2203578.448090000078082,Zoned by address to: PS 76 for grades K-5. Contact 718-935-2003 for more information.,30Q076,845,76
9,BX,NM,8/1/2001,02/22/2012,9,2,12545.535947300000771,4111244.753080000169575,Optional Shared Zone: PS 53 (Grades K-5) and ECC. 88 (Grades K-3) share a zone.,"09X053,09X088",659,"53 (K-5), 88 (K-3)"
9,BX,DMH,8/1/2001,8/27/2001,9,2,5783.790942820000055,1353157.733530000085011,,09X055,660,55
9,BX,DMH,8/1/2001,8/03/2011,9,2,12476.589409099999102,4302242.418870000168681,Sourthern portion of PS 4 zone.,09X004,661,4
9,BX,NM,8/1/2001,02/22/2012,9,2,10866.045179599999756,4019475.515409999992698,,09X058,662,58
9,BX,DMH,8/1/2001,8/27/2001,9,2,14455.981921799999327,3059675.85533000016585,,09X042,663,42
9,BX,DMH,8/1/2001,9/2/04,9,2,11229.419403399999283,2844714.768480000086129,,09X028,668,28
8,BX,DMH,8/2/2001,8/29/2001,8,2,14100.129105899999558,11299873.349099999293685,,08X036,691,36
9,BX,DMH,8/1/2001,,9,2,13003.405918399999791,6133063.610989999957383,,09X070,669,70
9,BX,NM,8/1/2001,02/22/2012,9,2,5774.406436500000382,1379220.719909999985248,Shared zone: ECC 170 (Grades K-2) and PS 199 (Grades 3-5).,"09X170,09X199",670,"170 (K-2), 199 (3-5)"
9,BX,DMH,8/1/2001,08/03/2011,9,2,10246.829195899999831,3237551.577529999893159,"For 2013-14, Grades K-2 are zoned to PS 274. Grades 3-5 are zoned to PS 230.","09X230,09X274",672,"274 (K-2), 230 (3-5)"
9,BX,DMH,8/1/2001,8/27/2001,9,2,7301.443545819999599,1525490.93155000009574,,09X204,674,204
9,BX,DMH,8/1/2001,8/27/2001,9,2,11670.79324699999961,4672145.051319999620318,,09X199,675,199
8,BX,DMH,8/2/2001,8/28/2001,8,2,5585.06747783999981,1408830.790090000024065,,08X146,676,146
8,BX,DMH,8/2/2001,8/28/2001,8,2,9665.176319879999937,3062521.346510000061244,,08X140,677,140
12,BX,DMH,8/2/2001,08/11/2011,12,2,8590.238366359999418,2525581.974069999996573,,12X463,695,463
12,BX,DMH,8/2/2001,,12,2,12292.930639500000325,4880227.443719999864697,,12X150,696,150
12,BX,DMH,8/2/2001,8/28/2001,12,2,9759.6141236200001,4244889.347169999964535,,12X134,697,134
12,BX,DMH,8/2/2001,,12,2,8257.301949040000181,2394681.137670000083745,"For 2013-14, Grades K-2 are zoned to PS 314. Grades 3-5 are zoned to PS 50.","12X050, 12X314",701,"314 (K-2), 50 (3-5)"
12,BX,DMH,8/2/2001,,12,2,12146.548552399999608,5653005.170930000022054,,12X066,702,66
12,BX,DMH,8/2/2001,08/11/2011,12,2,6416.223833650000415,1744548.4857099999208,PS 57 zone crosses district lines between District 12 and District 10.,12X057,704,57
12,BX,DMH,8/2/2001,08/11/2011,12,2,6699.226511769999888,1948552.427900000009686,"PS 92 is located in District 12, with a part of the zone in District 10.",12X092,705,92
12,BX,DMH,8/2/2001,8/2/02,12,2,12419.731128600000375,5778485.803039999678731,,12X061,706,61
12,BX,DMH,8/2/2001,8/2/02,12,2,9703.043017300000429,2963549.634649999905378,,12X067,707,67
12,BX,DMH,8/2/2001,,12,2,6388.818887450000148,1556343.825789999915287,,12X044,708,44
12,BX,DMH,8/2/2001,04/17/2012,12,2,10900.125766999999541,3132953.094180000014603,,12X300,709,300
10,BX,DMH,8/2/2001,08/11/2011,12,2,5109.505723829999624,1552077.235159999923781,"PS 57 is located in District 12, with a portion of the zone located in District 10.",12X057,710,57
10,BX,DMH,8/2/2001,9/25/2001,12,2,3188.804069710000022,639543.318420000025071,Zone 92 crosses district lines between District 12 and District 10.,12X092,711,92
10,BX,DMH,8/3/2001,,10,2,31130.360646100001759,42588542.077600002288818,,10X081,712,81
30,QN,AP,08/12/2011,3/21/12,30,4,5977.743974910000361,2203578.448090000078082,Zoned by address to: PS 122 for Grades K-5. Contact 718-935-2003 for more information.,30Q122,846,122
10,BX,DMH,8/3/2001,,10,2,22966.146701300000132,20950717.754999998956919,,10X024,713,24
10,BX,DMH,8/3/2001,08/03/2011,10,2,20869.080595600000379,15194613.777699999511242,,10X095,715,95
10,BX,DMH,8/3/2001,,10,2,7301.740905069999826,2546933.819440000224859,,10X306,725,306
30,QN,AP,08/12/2011,3/21/12,30,4,5977.743974910000361,2203578.448090000078082,Zoned by address to: PS 76 for Grades K-5. Contact 718-935-2003 for more information.,30Q076,847,76
10,BX,DMH,8/3/2001,,10,2,17366.933318700001109,5533499.859919999726117,,10X094,716,94
10,BX,DMH,8/3/2001,,10,2,8221.626040560000547,3388881.129310000222176,,10X280,718,280
10,BX,DMH,8/3/2001,,10,2,10968.135785500000566,4882188.69503999967128,,10X008,719,8
10,BX,DMH,8/3/2001,01/09/2013,10,2,8237.797779090000404,2828749.732559999916703,"For 2013-14, PS 291 (Grades K-5)",10X291,722,291
10,BX,DMH,8/3/2001,08/11/2011,10,2,11234.712291499999992,6265619.764419999904931,,10X226,723,226
10,BX,DMH,8/3/2001,,10,2,620.185879363000026,23915.300862600000983,,10X396,724,
10,BX,DMH,8/3/2001,08/11/2011,10,2,773.756882976000043,30694.330948399998306,Optional Shared Zone: PS 209 (Grades K-2) and PS 9 (Grades K-5).,"10X209,10X009",734,"209 (K-2), 9 (K-5)"
30,QN,AP,08/12/2011,3/21/12,30,4,5977.743974910000361,2203578.448090000078082,Zoned by address to: PS 70 for Grades K-5. Contact 718-935-2003 for more information.,30Q070,848,70
10,BX,DMH,8/3/2001,,10,2,7864.549502050000228,1889800.065960000036284,,10X246,727,246
10,BX,DMH,8/3/2001,,10,2,8680.950034069999674,2441766.272200000006706,,10X033,728,33
10,BX,DMH,8/3/2001,01/09/2013,10,2,8308.904887099999542,2232542.998329999856651,,10X091,729,91
10,BX,DMH,8/3/2001,,10,2,8215.025209310000719,2406335.857340000104159,,10X279,730,279
10,BX,DMH,8/3/2001,08/11/2011,10,2,6120.933496280000327,1311899.36831000004895,Optional Shared Zone: PS 382 (Grades K-5) and PS 386 (Grades K- 5) share a zone.,"10X382,10X386",731,"382, 386"
10,BX,DMH,8/3/2001,08/03/2011,10,2,9028.172139210000751,3555154.903220000211149,,10X046,732,46
10,BX,DMH,8/3/2001,,10,2,8194.461530020000282,1441343.561999999918044,Optional Shared Zone: PS 209 (Grades K-2) and PS 9 (Grades K-5).,"10X009,10X209",733,"9 (K-5), 209 (K-2)"
10,BX,DMH,8/3/2001,,10,2,11675.232666100000642,4277009.394919999875128,,10X085,735,85
10,BX,SF,01/01/2011,12/18/2012,10,2,10642.501261800000066,3521462.869270000141114,,10X059,736,59
10,BX,DMH,8/3/2001,,10,2,7741.762929229999827,2469829.11701999977231,,10X032,737,32
10,BX,DMH,8/3/2001,,10,2,14968.865859699999419,6195753.201439999975264,,10X205,738,205
10,BX,DMH,8/3/2001,08/11/2011,10,2,7112.391173949999938,2486944.057459999807179,"Optional area for PS 86, PS 246 and PS 340; Contact 718-935-2003.","10X086,10X246,10X340",726,"86, 246, 340"
12,BX,DMH,8/2/2001,08/11/2011,12,2,12476.721631399999751,7534288.60259999986738,Optional Shared Zone: PS 195 (Grades K-5) & PS 196 (Grades K-5) share a zone.,"12X195,12X196",698,"195, 196"
30,QN,AP,08/12/2011,3/21/12,30,4,5977.743974910000361,2203578.448090000078082,Optional shared zone: PS 111 and PS 112 share a zone. Contact 718-935-2003 for more information.,"30Q111,30Q112",849,"111, 112"
0,BX,,,,0,2,81091.103933499995037,100447090.887999996542931,Bronx Park,,739,
11,BX,DMH,7/31/2001,,11,2,20835.5829049999993,13337032.973200000822544,,11X105,614,105
12,BX,DMH,8/2/2001,08/11/2011,12,2,13145.248113800000283,7873466.214680000208318,Students who live in the PS 6 (Grades K-5) zone have priority to choice school PS 214 (Grades K-8).,12X006,703,"6, 214"
10,BX,AMG,6/30/03,,10,2,6707.534945190000144,1117279.481099999975413,,10X307,761,307
10,BX,DMH,8/3/2001,,10,2,12369.779385800000455,4296876.901089999824762,,10X086,720,86
10,BX,DMH,8/3/2001,08/03/2011,10,2,14728.130488999999216,8805652.105869999155402,Optional Shared Zone: PS 7 (Grades K-5) or PS 207 (Grades K-2) shared zone.,"10X007,10X207",714,"7(K-5), 207(K-2)"
10,BX,DMH,8/3/2001,08/11/2011,10,2,22040.740561499998876,13950393.676599999889731,,10X310,721,310
11,BX,AMG,7/2/03,,11,2,12027.240644800000155,8711764.214849999174476,,11X194,764,194
11,BX,DMH,7/31/2001,,11,2,27381.873759699999937,30677126.574200000613928,,11X108,610,108
10,BX,AMG,7/1/03,,10,2,12691.670322800000577,2576760.584660000167787,,10X360,762,360
11,BX,DMH,7/31/2001,4/30/08,11,2,20730.020226900000125,15632674.314300000667572,,11X111,629,111
11,BX,DMH,7/31/2001,8/10/2010,11,2,17760.475848900001438,12313717.777400000020862,,11X089,617,89
11,BX,DMH,7/31/2001,,11,2,13346.303321800000049,6674454.371310000307858,,11X096,615,96
8,BX,EP,8/2/2001,11/15/2012,8,2,9228.599405169999955,4539508.249060000292957,,08X100,686,100
8,BX,DMH,8/2/2001,5/12/04,8,2,9564.27588624999953,5520188.726409999653697,,08X119,690,119
12,BX,DMH,8/2/2001,,12,2,13897.924630800000159,8749408.917220000177622,,12X047,699,47
8,BX,DMH,8/2/2001,08/03/2011,8,2,8571.52348585999971,3628387.747950000222772,Optional Shared Zone: PS 333 (Grades K-5) and PS 335 (Grades K-5) share a zone.,"08X333,08X335",680,"333,335"
12,BX,AMG,07/18/06,,12,2,14330.560918699999092,7766885.846300000324845,"For 2013-14, Grades K-4 are zoned to PS 531 & PS 536.  Grade 5 is zoned to PS 102.  Contact 718-935-2003 for more information.","12X102,12X531,12X536",770,"102 (5), 531 (K-4), 536 (K-4)"
11,BX,DMH,7/31/2001,4/30/08,11,2,18188.314540499999566,11728415.141799999400973,,11X068,807,68
11,BX,DMH,7/31/2001,,11,2,16184.948099100000036,6454310.746319999918342,,11X160,607,160
0,BX,,,,0,2,17711.261154600000737,12967799.863099999725819,Pelham Bay Park,,609,
8,BX,DMH,8/2/2001,8/28/2001,8,2,8223.131792300000598,3240087.585870000068098,,08X062,678,62
11,BX,DMH,7/31/2001,,11,2,29198.425656999999774,11700947.286100000143051,,11X175,602,175
0,BX,,,,0,2,14712.940070399999968,4526825.900650000199676,Pelham Bay Park,,603,
8,BX,DMH,8/2/2001,,8,2,7206.887041379999573,2402515.850169999990612,,08X130,679,130
0,BX,,,,0,2,81458.423419400001876,71486484.892700001597404,Pelham Bay Park,,605,
8,BX,DMH,8/2/2001,,8,2,39197.048212200003036,43974548.571199998259544,,08X048,682,48
8,BX,DMH,8/2/2001,,8,2,12411.707923600000868,9054032.563869999721646,,08X093,684,93
8,BX,DMH,8/2/2001,,8,2,15154.286565300000802,6862045.533010000362992,,08X107,685,107
9,BX,DMH,8/1/2001,7/21/05,9,2,13464.77909499999987,3184940.275530000217259,,09X163,665,163
8,BX,DMH,8/2/2001,8/03/2011,8,2,7901.360092289999557,2028672.241729999892414,Eastern portion of PS 152 zone.,08X152,683,152
8,BX,DMH,8/2/2001,,8,2,18299.878727399998752,8294009.65658999979496,,08X069,687,69
8,BX,DMH,8/2/2001,8/03/2011,8,2,13351.967870399999811,5863154.487379999831319,Eastern portion of PS 182 zone.,08X182,688,182
8,BX,EP,8/2/2001,11/15/2012,8,2,34070.902159600002051,16182399.06870000064373,Western portion of PS 182 zone.,08X182,810,182
8,BX,EP,8/2/2001,11/15/2012,8,2,19267.588178900001367,12719283.806700000539422,,08X138,689,138
30,QN,AP,08/12/2011,3/21/12,30,4,5977.743974910000361,2203578.448090000078082,Zoned by address to: PS 76 for Grades K-5. Contact 718-935-2003 for more information.,30Q076,850,76
8,BX,DMH,8/2/2001,,8,2,60941.145003199999337,57690611.825599998235703,,08X072,692,72
11,BX,DMH,7/31/2001,,11,2,14235.949338799999168,11097052.946900000795722,,11X178,604,178
11,BX,DMH,7/31/2001,8/29/2001,11,2,13013.319883899999695,9145357.248970000073314,,11X153,606,153
8,BX,DMH,8/2/2001,,8,2,19361.924634200000582,23826364.254999998956919,,08X014,693,14
8,BX,DMH,8/2/2001,,8,2,34344.426592600000731,30519422.810100000351667,,08X071,694,71
8,BX,DMH,8/2/2001,8/03/2011,8,2,11045.112806499999351,5195430.390049999579787,Western portion of PS 152 zone.,08X152,809,152
2,MN,BG,07/24/2001,,2,1,8019.331335339999896,3883318.705529999919236,,02M042,509,42
30,QN,AP,08/12/2011,3/21/12,30,4,5977.743974910000361,2203578.448090000078082,Zoned by address to: PS 11 for Grades K-5. Contact 718-935-2003 for more information.,30Q011,851,11
11,BX,DMH,4/30/08,,11,2,23995.908920699999726,12927779.343299999833107,,11X189,808,189
9,BX,,,,9,2,9914.54197940999984,3166902.436009999830276,For 2013-14: Grades K-2 are zoned to PS 294 and PS 311; Grades 3-5 are zoned to PS 64.,09X064,779,"294 (K-2), 311 (K-2), and 64 (3-5)"
9,BX,,,8/03/2011,9,2,12531.037683500000639,6507524.739760000258684,Optional Shared Zone: PS 114 (Grades K-5) and PS 218 (Grades K-8) share a zone.,"09X114,09X218",780,"114,218"
9,BX,BH,,08/03/2011,9,2,6649.681808160000401,1451038.799009999958798,,09X449,781,449
9,BX,,6/15/10,,9,2,11247.985409799999616,3685047.659119999967515,,09X126,782,126
10,BX,DMH,8/3/2001,08/03/2011,10,2,9071.90010317999986,3624701.588969999924302,,10X020,717,20
30,QN,AP,08/12/2011,3/21/12,30,4,5977.743974910000361,2203578.448090000078082,Zoned by address to: PS 111 for Grades K-5. Contact 718-935-2003 for more information.,30Q111,852,111
0,MN,BG,07/24/2001,,2,1,13825.90602299999955,7804861.073309999890625,Governor's Island,,531,
0,MN,BG,07/24/2001,,1,1,8264.988061449999805,2228300.357720000203699,Elementary School Choice in District 1. Contact 718-935-2003 for more information.,,502,
2,MN,BG,07/24/2001,,2,1,9543.922199220000039,2939100.847819999791682,,02M002,504,2
2,MN,BG,07/24/2001,,2,1,6812.177348889999848,1724130.785829999949783,,02M126,505,126
2,MN,BG,07/24/2001,,2,1,8922.412705669999923,3165737.151409999933094,,02M001,506,1
2,MN,BG,07/24/2001,,2,1,10609.249657599999409,6706015.893029999919236,,02M130,508,130
3,MN,BG,07/25/2001,,3,1,10235.118437799999811,3487687.963279999792576,,03M145,541,145
2,MN,BG,08/12/2011,08/3/2011,2,1,43119.602972300002875,35358571.92790000140667,Optional Shared Zone: PS 3 (Grades K-5) and PS 41 (Grades K-5) share a zone.,"02M003,02M041",511,"3, 41"
2,MN,BG,07/24/2001,,2,1,23553.830470600001718,12666438.349999999627471,,02M011,516,11
2,MN,BG,07/24/2001,,2,1,21698.586291299998265,15909646.166300000622869,,02M033,517,33
2,MN,BG,07/24/2001,,2,1,6879.955120689999603,2359335.628709999844432,,02M124,530,124
3,MN,BG,07/25/2001,,3,1,13118.323853899999449,8976547.488569999113679,,03M165,542,165
3,MN,BG,07/25/2001,11/13/02,3,1,14150.152104700000564,5746734.468059999868274,,03M191,534,191
0,MN,BG,07/24/2001,12/20/2012,1,1,4445.77502689999983,1109511.243879999965429,Elementary School Choice in District 1. Contact 718-935-2003 for more information.,,513,
2,MN,BG,07/24/2001,,2,1,11503.168367000000217,6037931.483669999986887,,02M183,524,183
2,MN,BG,07/24/2001,,2,1,14289.622412700000496,8094972.935630000196397,,02M006,525,6
2,MN,BG,07/24/2001,,2,1,15892.747115599999233,8405399.316099999472499,,02M158,526,158
2,MN,BG,07/24/2001,,2,1,10532.638133399999788,4925014.15521000046283,,02M290,527,290
2,MN,EP,07/24/2001,02/24/2012,2,1,11693.164731099999699,6007405.668870000168681,"For 2013-14, Grades K-4 are zoned to PS 151. For Grade 5 contact 718-935-2003 for more information.",02M151,528,151 (K-4)
2,MN,BG,07/24/2001,,2,1,11858.996307800000068,6154696.098530000075698,,02M198,529,198
3,MN,BG,07/25/2001,,3,1,8548.246556579999378,3337517.845710000023246,,03M163,539,163
5,MN,BG,07/25/2001,08/03/2011,5,1,13093.162334599999667,5952611.800169999711215,"Optional Shared Zone: PS 36 (Grades K-5) and PS 125 (Grades K-5) share a zone. PS 36 and PS 125 are located in District 5, with a portion of the zone in District 3.","05M036,05M125",543,"36 ,125"
3,MN,BG,07/25/2001,8/12/02,3,1,5434.407264399999804,1665666.465760000050068,,03M180,544,180
3,MN,BG,07/25/2001,,3,1,6077.127568410000094,1916396.659800000023097,,03M076,545,76
3,MN,BG,07/25/2001,08/03/2011,3,1,5713.018984909999745,1619258.700879999902099,,03M241,546,241
3,MN,BG,07/25/2001,08/03/2011,3,1,5921.967582520000178,1751134.499469999922439,"PS 242 is located in District 3, with a portion of the zone in District 5.",03M242,547,242
3,MN,BG,07/25/2001,,3,1,5890.581920360000368,1974087.319059999892488,Optional Shared Zone: PS 185 (Grades K-2) and PS 208 (Grades 3-5) share a zone.,"03M185,03M208",548,"185 (K-2), 208 (3-5)"
3,MN,BG,07/25/2001,08/27/2001,3,1,6028.604472680000072,2088304.469879999989644,,03M149,549,149
4,MN,BG,07/25/2001,,4,1,5739.267853350000223,1881164.75124999997206,,04M007,550,7
4,MN,BG,07/25/2001,,4,1,7052.905935390000195,1922428.817760000005364,,04M096,551,96
4,MN,BG,07/25/2001,,4,1,7415.462975630000074,1617446.040389999980107,,04M057,552,57
4,MN,BG,07/25/2001,08/03/2011,4,1,6754.235338669999692,1266594.832560000009835,,04M375,553,375
4,MN,BG,07/25/2001,,4,1,4690.564980879999894,1349140.950999999884516,,04M108,554,108
4,MN,BG,07/25/2001,,4,1,5594.633001129999684,1536382.801599999889731,,04M038,565,38
4,MN,BG,07/25/2001,08/03/2011,4,1,8728.577753210000083,3885504.875510000158101,Optional Shared Zone: PS 112 (Grades K-2) and PS 206 (Grades 3-8).,"04M112,04M206",555,"112 (K-2), 206 (3-5)"
0,MN,BG,07/25/2001,,0,1,24226.368702399999165,23573737.626899998635054,Randall's Island and Ward's Island,,556,
4,MN,BG,07/25/2001,,4,1,7894.308620130000236,2272482.945950000081211,,04M102,557,102
4,MN,BG,07/25/2001,,4,1,5700.613404529999571,1661856.611210000002757,,04M155,558,155
4,MN,BG,07/25/2001,,4,1,6272.755332589999853,2154846.171480000019073,,04M171,559,171
4,MN,BG,07/25/2001,,4,1,6319.22611100999984,2048313.891000000061467,,04M072,560,72
4,MN,BG,07/25/2001,08/03/2011,4,1,6493.924528389999978,1833467.210110000101849,,04M083,561,83
4,MN,BG,07/25/2001,,4,1,7521.16549630999998,2262172.525210000108927,,04M146,562,146
5,MN,BG,07/25/2001,,5,1,16346.985911100000521,7805795.690709999762475,,05M030,572,30
5,MN,BG,07/25/2001,,5,1,11729.162818400000106,3860415.635549999773502,,05M133,573,133
5,MN,BG,07/25/2001,,5,1,10389.508241699999417,4463638.414830000139773,,05M154,574,154
3,MN,BG,07/25/2001,08/27/2001,3,1,3266.272169219999796,217630.31952600000659,"PS 76 is located in District 3, with a portion of the zone in District 5.",03M076,596,76
3,MN,BG,07/25/2001,08/03/2011,3,1,2878.191966200000024,480421.230923000024632,,03M242,597,242
5,MN,BG,07/25/2001,,5,1,10980.045592300000862,5410023.706760000437498,,05M200,567,200
5,MN,BG,07/25/2001,,5,1,8198.64761462000024,1939469.358599999919534,,05M194,568,194
6,MN,BG,07/26/2001,08/03/2011,6,1,13356.130468600000313,6741456.816200000233948,Optional Shared Zone: PS 192 (Grades K-5) and PS 325 (Grades K-5) share a zone.,"06M192,06M325",579,"192, 325"
2,MN,BG,07/24/2001,,2,1,21520.311675699998887,6307634.636029999703169,,02M217,598,217
4,MN,BG,07/25/2001,08/27/2001,4,1,10035.588554300000396,3442810.331929999869317,,04M050,563,50
5,MN,BG,07/25/2001,,5,1,8231.255591889999778,2986167.116630000062287,,05M046,566,46
30,QN,AP,08/12/2011,3/21/12,30,4,5977.743974910000361,2203578.448090000078082,Zoned by address to: PS 166 for Grades K-5. Contact 718-935-2003 for more information.,30Q166,853,166
6,MN,BG,07/26/2001,10/04/06,6,1,13108.401322399999117,7314592.30424000043422,,06M153,580,153
6,MN,BG,07/26/2001,10/04/06,6,1,13356.139756900000066,6871826.837740000337362,,06M028,581,28
6,MN,BG,07/26/2001,10/04/06,6,1,11468.941813400000683,3214363.402040000073612,,06M004,582,4
6,MN,BG,07/26/2001,10/04/06,6,1,14878.494544600000154,5328241.131249999627471,,06M128,583,128
30,QN,AP,08/12/2011,3/21/12,30,4,5977.743974910000361,2203578.448090000078082,Zoned by address to: PS 111 for Grades K-5. Contact 718-935-2003 for more information.,30Q111,854,111
6,MN,BG,07/26/2001,10/04/06,6,1,9868.161513749999358,3880028.663139999844134,,06M008,584,8
6,MN,BG,07/26/2001,8/20/02,6,1,10423.240911000000779,3966974.620360000059009,,06M115,585,115
6,MN,BG,07/26/2001,10/04/06,6,1,13360.867738499999177,8294576.805680000223219,,06M173,586,173
6,MN,BG,07/26/2001,08/03/2011,6,1,17145.71805680000034,8547540.867289999499917,,06M152,591,152
6,MN,BG,07/26/2001,,6,1,10574.012028600000122,5184128.821050000376999,,06M187,592,187
6,MN,BG,07/26/2001,7/12/05,6,1,7218.32359138999982,2306579.386400000192225,,06M048,593,48
6,MN,BG,12/12/2012,08/03/2011,6,1,21576.902743599999667,14481465.367200000211596,"Optional Shared Zone: PS 18 (Grades K-8), PS 98 (Grades K-5), and PS 278 (Grades K-8).","06M018,06M098,06M278",587,"18, 98, 278"
6,MN,BG,07/26/2001,7/12/05,6,1,9894.231642040000224,4721403.152730000205338,,06M005,589,5
6,MN,BG,07/26/2001,,6,1,10377.883275500000309,4848161.095519999973476,,06M189,590,189
6,MN,BG,07/26/2001,08/03/2011,6,1,6478.170562620000055,1678943.549379999982193,Optional Shared Zone: PS 132 (Grades K-5) and PS 103 (Grade K) share a zone.,"06M132,06M103",594,"103 (K), 132 (K-5)"
2,MN,EP,06/15/10,02/24/2012,2,1,17696.651376500001788,8678642.2811200004071,"For 2013-14, Grades K-4 are zoned to PS 397. Grade 5 is zoned to PS 234.","02M234,02M397",507,"397 (K-4), 234 (5)"
2,MN,EP,07/24/2001,02/24/2012,2,1,15452.7380548000001,6449726.858439999632537,,02M089,532,89
0,MN,BG,07/24/2001,12/10/2012,1,1,9721.902445069999885,2416984.899859999772161,Elementary School Choice in District 1. Contact 718-935-2003 for more information.,,512,
0,MN,BG,07/24/2001,12/10/2012,1,1,4554.382383979999759,1102393.595720000099391,Elementary School Choice in District 1. Contact 718-935-2003 for more information.,,514,
2,MN,BG,07/24/2001,,2,1,18630.679204799998843,11025220.490100000053644,,02M040,515,40
5,MN,BG,07/25/2001,,5,1,11407.510072999999466,4282612.536310000345111,,05M175,571,175
30,QN,AP,08/12/2011,3/21/12,30,4,5977.743974910000361,2203578.448090000078082,Zoned by address to: PS 166 for Grades K-5. Contact 718-935-2003 for more information.,30Q166,855,166
2,MN,BG,07/24/2001,,2,1,21579.300283299999137,20348038.256999999284744,,02M116,518,116
2,MN,BG,07/24/2001,,2,1,31227.578425700001389,24905754.514899998903275,,02M051,519,51
2,MN,BG,07/24/2001,,2,1,32282.433791300001758,20093531.553399998694658,,02M111,521,111
2,MN,BG,07/24/2001,12/10/2012,2,1,18795.098662799999147,18827514.515000000596046,,02M059,523,59
5,MN,BG,07/25/2001,,5,1,5680.259538180000163,1614007.500699999975041,,05M092,575,92
0,MN,BG,07/25/2001,,0,1,33070.42632009999943,38357552.62950000166893,Central Park,,533,
3,MN,BG,07/25/2001,,3,1,14233.422229199999492,7048657.716980000026524,,03M087,535,87
3,MN,BG,07/25/2001,,3,1,10556.695660199999111,4377926.214060000143945,,03M009,536,9
3,MN,BG,07/25/2001,,3,1,12313.758875400000761,5099362.196460000239313,,03M166,537,166
3,MN,BG,07/25/2001,11/13/02,3,1,11158.090492999999697,5359651.638419999741018,,03M199,747,199
5,MN,BG,07/25/2001,,5,1,9518.958703579999565,3190866.262629999779165,,05M123,569,123
5,MN,BG,07/25/2001,,5,1,10191.828856199999791,4275299.220099999569356,,05M197,570,197
30,QN,AP,08/12/2011,3/21/12,30,4,5977.743974910000361,2203578.448090000078082,Zoned by address to: PS 111 for Grades K-5. Contact 718-935-2003 for more information.,30Q111,856,111
5,MN,BG,07/25/2001,,5,1,10479.971695399999589,3953226.220360000152141,,05M161,576,161
5,MN,BG,07/25/2001,08/03/2011,5,1,9635.87811615999999,4723210.941290000453591,Optional Shared Zone: PS 36 (Grades K-5) and PS 125 (Grades K-5) share a zone.,"05M036,05M125",577,"36, 125"
5,MN,BG,07/25/2001,,5,1,11278.221226400000887,3341397.999499999918044,,05M129,578,129
2,MN,EP,12/12/2012,02/24/2012,2,1,24277.398819499998353,9876631.296800000593066,,02M276,783,276
2,MN,EP,07/24/2001,06/15/10,2,1,13946.835441200000787,8322836.334189999848604,,02M234,818,234
3,MN,SF,,06/29/11,3,1,13531.674324699999488,4532809.32909999974072,,03M084,784,84
30,QN,AP,08/12/2011,3/21/12,30,4,5977.743974910000361,2203578.448090000078082,Zoned by address to: PS 166 for Grades K-5. Contact 718-935-2003 for more information.,30Q166,857,166
3,MN,BG,07/25/2001,,3,1,15946.131272099999478,5960466.314129999838769,,03M075,540,75
27,QN,DMH,8/8/2001,9/2/04,27,4,69172.566835899997386,95307488.235499992966652,,27Q114,404,114
27,QN,DMH,8/8/2001,9/2/04,27,4,21794.937676500001544,18302153.519799999892712,,27Q183,408,183
27,QN,DMH,8/8/2001,,27,4,25523.464866499998607,31340260.768699999898672,,27Q207,423,207
27,QN,DMH,8/8/2001,,27,4,23279.785145900001226,15132753.025800000876188,,27Q232,425,232
27,QN,DMH,8/8/2001,03/26/08,27,4,10037.852641299999959,3408716.568210000172257,,27Q064,428,64
27,QN,JB,4/26/02,06/15/10,27,4,10190.622158899999704,4627416.588809999637306,,27Q065,435,65
24,QN,AP,8/13/01,,24,4,27558.590617300000304,27303850.104299999773502,,24Q068,390,68
24,QN,AMG,6/25/03,,24,4,9668.689943569999741,2753588.348319999873638,,24Q239,760,239
27,QN,JB,8/8/2001,06/15/10,27,4,9790.434766149999632,5029740.112510000355542,,27Q097,429,97
27,QN,JB,7/20/04,06/15/10,27,4,14759.87740119999944,7390541.151549999602139,,27Q254,431,254
27,QN,JB,8/8/2001,06/15/10,27,4,9779.052504440000121,4189572.204729999881238,,27Q066,804,66
27,QN,DMH,8/8/2001,03/26/08,27,4,20980.831337700001313,21594304.009700000286102,,27Q063,427,63
27,QN,JB,08/12/2011,3/21/12,27,4,11937.351007900000695,4940175.356870000250638,"For 2013-14, Grades K-3 are zoned to PS 273. Grades 4-5 are zoned to these options: PS 66, PS 90, PS 254, or PS 306. Call 718-935-2003 for more information.","27Q273,27Q066,27Q090,27Q254,27Q306",430,"273 (K-3), 66 (4-5), 90 (4-5), 254 (4-5), PS 306 (4-5)"
28,QN,AP,8/13/01,,28,4,14608.468967599999814,10120397.716600000858307,,28Q121,358,121
28,QN,AP,8/13/01,,28,4,14078.757600000000821,10530082.173900000751019,,28Q050,359,50
28,QN,AP,8/13/01,,28,4,14289.134491500000877,9459894.749859999865294,,28Q160,360,160
24,QN,AP,8/13/01,,24,4,13698.121313600000576,6086474.239939999766648,,24Q128,339,128
28,QN,AP,8/13/01,,28,4,18075.665294200000062,11342092.617300000041723,,28Q040,361,40
28,QN,AP,8/13/01,,28,4,15204.681730099999186,8300669.478969999589026,,28Q048,362,48
28,QN,EP,8/13/01,11/15/2012,28,4,20207.663289600001008,13115089.920099999755621,"For 2013-14, Grades K-4 are zoned to PS 354. Grade 5 is zoned to PS 30.","28Q354,28Q030",395,"354 (K-4), 30 (5)"
28,QN,AP,8/13/01,,28,4,11991.272587600000406,8359880.286319999955595,,28Q080,396,80
28,QN,AP,8/13/01,,28,4,19033.036468700000114,13623235.033900000154972,,28Q140,399,140
28,QN,AP,8/13/01,,28,4,12357.325980699999491,8685826.343129999935627,,28Q054,400,54
24,QN,AMG,03/26/08,,24,4,10891.269627199999377,3545514.560680000111461,,24Q307,802,307
27,QN,DMH,8/8/2001,3/21/12,27,4,10612.744370899999922,5538766.482370000332594,"For 2013-14, Grades K-3 are zoned to PS 362. Grades 4-5 are zoned to PS 215.","27Q362,27Q215",418,"362 (K-3), 215 (4-5)"
27,QN,DMH,8/8/2001,4/5/04,27,4,22939.286295599998994,14946707.232899999246001,,27Q104,419,104
27,QN,DMH,8/8/2001,,27,4,18944.24248340000122,11623249.140100000426173,,27Q100,437,100
27,QN,DMH,8/8/2001,,27,4,17488.527638499999739,8971156.605750000104308,,27Q155,438,155
27,QN,DMH,8/8/2001,,27,4,11407.440340799999831,4011469.603389999829233,,27Q096,439,96
25,QN,AP,08/12/2011,,25,4,3096.608463709999796,593081.007773000048473,Southern portion of the PS 184 zone.,25Q184,309,184
27,QN,DMH,8/8/2001,9/2/04,27,4,25703.626105300001655,22362019.646999999880791,,27Q124,440,124
27,QN,DMH,8/8/2001,,27,4,23264.780420399998548,18200604.808899998664856,,27Q045,441,45
27,QN,DMH,8/8/2001,,27,4,20402.568135199999233,15068687.089700000360608,,27Q223,443,223
27,QN,DMH,8/8/2001,8/14/02,27,4,20371.1820097000018,13744125.167300000786781,,27Q123,444,123
29,QN,DMH,8/8/2001,,29,4,11406.620606000000407,6485192.622670000419021,,29Q195,445,195
24,QN,EP,11/15/2012,,24,4,15018.391289099999995,8668795.93745999969542,"For 2013-14, Grades K-3 are zoned to PS 330. Grades 4-5 are zoned to PS 143.","24Q330,24Q143",858,"330 (K-3), 143 (4-5)"
29,QN,DMH,8/8/2001,,29,4,35722.801098800002364,27744295.90430000051856,,29Q181,447,181
29,QN,DMH,8/8/2001,,29,4,26131.379005200000393,28470118.345100000500679,,29Q052,448,52
29,QN,DMH,8/8/2001,,29,4,21069.362493399999948,14921032.035000000149012,,29Q038,449,38
29,QN,DMH,08/12/2011,9/2/04,29,4,19080.167955900000379,17005556.652100000530481,,29Q156,450,156
30,QN,AP,8/13/01,,30,4,12828.575303800000256,9599367.674329999834299,,30Q011,389,11
29,QN,DMH,8/8/2001,,29,4,28433.855394700000033,22130354.606100000441074,,29Q037,451,37
29,QN,DMH,8/8/2001,9/21/04,29,4,14963.634770000000572,8485326.404939999803901,,29Q132,453,132
29,QN,DMH,8/8/2001,9/21/04,29,4,20306.424004100001184,17443478.001600001007318,,29Q176,454,176
29,QN,DMH,8/8/2001,9/21/04,29,4,21644.940686499998264,22582153.295099999755621,,29Q036,457,36
29,QN,DMH,8/8/2001,9/21/04,29,4,16383.132303300000785,12264436.365000000223517,,29Q015,452,15
29,QN,DMH,8/8/2001,,29,4,21197.941598900000827,18565212.557599999010563,,29Q138,446,138
28,QN,AP,8/13/01,,28,4,10593.045334399999774,5107848.437450000084937,,28Q161,357,161
28,QN,AP,8/13/01,8/22/02,28,4,9848.622052340000664,4551258.964470000006258,,28Q055,800,55
27,QN,AMG,4/5/04,,27,4,10942.330104500000743,8063644.672779999673367,,27Q253,765,253
0,QN,AP,8/13/01,,0,4,15647.454486700000416,11569912.455199999734759,Park,,321,
25,QN,AP,08/12/2011,,25,4,24228.456746299998485,27461190.525299999862909,Southern portion of of the PS 29 zone.,25Q029,325,29
24,QN,AP,8/13/01,,24,4,15188.646111899999596,10163570.552799999713898,,24Q013,335,13
24,QN,AP,8/13/01,03/26/08,24,4,13566.339504499999748,9053178.923599999397993,,24Q012,336,12
24,QN,AP,8/13/01,,24,4,24811.717261800000415,24088570.503199998289347,Grades K-4 are zoned PS 199. Grade 5 is zoned to IS 125.,"24Q199,24Q125",338,"199 (K-4), 125 (5)"
24,QN,AP,8/13/01,,24,4,19637.255223700001807,18903078.979400001466274,,24Q049,341,49
30,QN,AP,08/12/2011,3/21/12,30,4,5510.115347979999569,1726741.259749999968335,"Zoned by address to: PS 17, PS 171, or PS 234 for Grades K-5. Contact 718-935-2003 for more information.","30Q017,30Q171,30Q234",363,"17, 171, 234"
11,BX,CR,12/10/2012,,0,2,20835.5829049999993,13337032.973200000822544,"For 2013-14, Grade K is zoned to PS 357. Grades 2-5 are zoned to PS 105.","11X357,11X105",868,"357 (K), 105 (2-5)"
24,QN,AP,8/13/01,,24,4,51514.11302440000145,72064695.273000001907349,,24Q153,342,153
28,QN,AP,8/13/01,,28,4,13188.690035199999329,6467589.53741000033915,,28Q206,347,206
28,QN,AP,8/13/01,,28,4,11316.946295100000498,6280118.617130000144243,,28Q220,348,220
28,QN,AP,8/13/01,,28,4,13876.409220300000015,6424972.047460000030696,,28Q175,349,175
28,QN,AP,08/12/2011,,28,4,15675.566339799999696,7525728.898339999839664,,28Q139,350,139
30,QN,AP,8/13/01,,30,4,9595.097330869999496,4322418.791709999553859,,30Q171,364,171
30,QN,AP,8/13/01,,30,4,16055.507613499999934,13955101.806900000199676,,30Q122,366,122
0,QN,AP,8/13/01,,0,4,14508.585219599999618,12695289.118400000035763,ConEdison,,367,
30,QN,AP,8/13/01,,30,4,12594.555736300000717,5745829.177880000323057,,30Q085,368,85
30,QN,AP,8/13/01,,30,4,21928.582803199999034,16310180.021800000220537,,30Q084,369,84
24,QN,AP,08/12/2011,,24,4,6216.741642289999618,1881640.901989999925718,,24Q229,388,229
30,QN,AP,8/13/01,,30,4,17448.162239699999191,10916495.088400000706315,,30Q070,370,70
30,QN,AP,8/13/01,,30,4,11261.253387000000657,5975877.221260000020266,,30Q076,371,76
30,QN,AP,8/13/01,10/16/02,30,4,13389.351815800000622,8180531.466629999689758,,30Q112,372,112
30,QN,AP,08/12/2011,3/21/12,30,4,5977.743974910000361,2203578.448090000078082,"Zoned by address to: PS 11, PS 70, PS 76, or PS 111 for Grades K-5. Contact 718-935-2003 for more information.","30Q011,30Q070,30Q076,30Q111",373,"11, 70, 76, 111"
30,QN,AP,8/13/01,,30,4,17218.598629200001596,6871422.434410000219941,,30Q111,374,111
30,QN,AP,8/13/01,,30,4,30530.789264200000616,33682261.179899998009205,,30Q078,375,78
30,QN,AP,8/13/01,,30,4,20707.241812899999786,13424166.841900000348687,,30Q151,377,151
30,QN,AP,8/13/01,,30,4,15202.433571400000801,7604667.979609999805689,,30Q150,378,150
30,QN,AP,8/13/01,,30,4,36037.87268700000277,26590485.557700000703335,,30Q152,379,152
30,QN,AP,8/13/01,,30,4,24832.720441400000709,21510711.203000001609325,,30Q002,380,2
30,QN,AP,8/13/01,,30,4,8328.492883029999575,2510745.159090000204742,,30Q092,384,92
30,QN,AP,08/12/2011,6/06/12,30,4,4618.523452929999621,1198755.916960000060499,,30Q127,386,127
24,QN,AP,8/13/01,03/26/08,24,4,12668.000180700000783,8376463.898489999584854,,24Q019,392,19
24,QN,AP,8/13/01,,24,4,18138.856069299999945,15856349.192900000140071,,24Q087,393,87
28,QN,AP,8/13/01,,28,4,16646.067434100001265,10293867.107999999076128,,28Q174,397,174
30,QN,AP,08/12/2011,6/06/12,30,4,9358.67863700000089,2705295.191550000105053,,30Q127,401,127
0,QN,AP,8/13/01,,0,4,38716.65684599999804,30897958.632100000977516,La Guardia Airport,,402,
24,QN,AP,08/12/2011,03/26/08,24,4,14318.374487400000362,8547503.902119999751449,Shared zone: PS 7 (Grades K-3) and PS 877 (Grades 4-5).,"24Q007,24Q877",394,"7 (K-3), 877 (4-5)"
30,QN,SF,08/12/2011,6/28/11,30,4,2024.539263549999987,195771.35433900001226,Optional shared zone: PS 222 (Grades K-2) and PS 69 (Grades K-5) share a zone.,"30Q222,30Q069",333,"222 (K-2), 69 (K-5)"
24,QN,AMG,10/31/02,,24,4,19150.3688026000018,13853834.076899999752641,,24Q014,746,14
30,QN,AP,8/13/01,,30,4,21914.887686199999735,13671443.592000000178814,,30Q166,376,166
24,QN,AP,08/12/2011,,24,4,25368.15092409999852,19368565.950500000268221,,24Q229,340,229
30,QN,AP,8/13/01,,30,4,10155.742458500000794,4622323.130499999970198,,30Q212,332,212
24,QN,AP,8/13/01,,24,4,15487.874268400000801,9103763.920169999822974,,24Q102,817,102
24,QN,AMG,4/1/02,,24,4,22738.125924100000702,18734838.596799999475479,,24Q058,742,58
24,QN,AMG,4/2/02,03/26/08,24,4,11493.921260900000561,4380650.103310000151396,,24Q016,741,16
30,QN,AP,8/13/01,,30,4,11618.115324200000032,7092104.935820000246167,,30Q148,385,148
30,QN,AP,08/12/2011,3/21/12,30,4,16777.469214100001409,7912362.472409999929368,Optional shared zone: PS 228 (Grades K-2) and PS 149 (Grades K-5) share a zone.,"30Q228,30Q149",801,"228 (K-2), 149 (K-5)"
24,QN,AP,08/12/2011,,30,4,2800.716340320000199,432067.933993000013288,Optional shared zone: PS 222 (Grades K -2) and PS 89 (Grades K-5) share a zone.,"30Q222,24Q089",331,"222 (K-2), 89 (K-5)"
30,QN,SF,08/12/2011,6/28/11,30,4,13064.630690500000128,7448849.605159999802709,Optional shared zone: PS 222 (Grades K-2) and PS 69 (Grades K-5) share a zone.,"30Q222,30Q069",381,"222 (K-2), 69 (K-5)"
24,QN,AP,8/13/01,03/26/08,24,4,15653.809447999999975,6498761.043300000019372,,24Q089,798,89
24,QN,EP,8/13/01,11/15/12,24,4,15018.391289099999995,8668795.93745999969542,,24Q143,330,143
24,QN,AMG,08/12/2011,,24,4,7795.694046030000209,2778058.147520000115037,Shared zone: PS 28 (Grades K-2) and PS 16 (Grades 3-5).,"24Q028,24Q016",743,"28 (K-2), 16 (3-5)"
24,QN,AMG,08/12/2011,,24,4,4655.431242409999868,1034776.781379999942146,Shared zone: PS 28 (Grades K-2) and PS 14 (Grades 3-5).,"24Q028,24Q014",744,"28 (K-2), 14 (3-5)"
24,QN,AMG,08/12/2011,,24,4,3875.2356642499999,941805.375545999966562,Shared zone: PS 28 (Grades K-2) and PS 143 (Grades 3-5).,"24Q028,24Q143",745,"28 (K-2), 143 (3-5)"
30,QN,AMG,6/26/03,,30,4,10607.649659599999723,6229566.282789999619126,,30Q234,758,234
30,QN,AP,8/13/01,,30,4,19438.521828100001585,11414614.478399999439716,,30Q017,365,17
25,QN,AP,08/12/2011,,25,4,24818.789285999999265,26365827.474599998444319,Northern portion of the PS 193 zone.,25Q193,298,193
25,QN,AP,8/13/01,,25,4,14897.196155199999339,11208332.294999999925494,,25Q169,299,169
25,QN,AP,8/13/01,,25,4,28628.9001774999997,22192412.811200000345707,,25Q032,310,32
25,QN,AP,8/13/01,,25,4,14025.715232399999877,10832831.055400000885129,,25Q022,312,22
25,QN,AP,08/12/2011,,25,4,34781.14433480000298,26846059.237300001084805,Northern portion of the PS 209 zone.,25Q209,300,209
25,QN,AP,8/13/01,,25,4,18960.569157199999609,20123599.193399999290705,,25Q021,303,21
25,QN,AP,08/12/2011,,25,4,20064.526058700001158,16146490.629599999636412,Northern portion of the PS 184 zone.,25Q184,304,184
25,QN,AP,08/12/2011,,25,4,7555.077131340000051,1980328.484179999912158,Western portion of the PS 107 zone.,25Q107,305,107
25,QN,AP,08/12/2011,,25,4,3981.33499742999993,789056.394176000030711,Southern portion of the PS 209 zone.,25Q209,306,209
25,QN,AP,08/12/2011,,25,4,2094.542622389999906,265882.007493000011891,Southern portion of the PS 193 zone.,25Q193,307,193
25,QN,AP,08/12/2011,,25,4,2794.102193929999885,481198.199323999986518,Southern portion of the PS 79 zone.,25Q079,308,79
25,QN,AP,8/13/01,,25,4,21991.025619500000175,13954930.456000000238419,,25Q163,313,163
25,QN,AP,08/12/2011,,25,4,27066.783193399998709,27255759.447299998253584,Eastern portion of the PS 107 zone.,25Q107,314,107
25,QN,AP,8/13/01,,25,4,29429.168453199999931,23131165.239000000059605,,25Q024,315,24
25,QN,AP,8/13/01,,25,4,13278.423136400000658,6480579.626720000058413,,25Q201,316,201
25,QN,AP,8/13/01,,25,4,10882.679733499999202,4526683.759519999846816,,25Q200,317,200
25,QN,AP,8/13/01,,25,4,14758.747536000000764,6571436.146180000156164,,25Q165,318,165
25,QN,AP,8/13/01,,25,4,18803.939713700001448,16112497.610799999907613,,25Q154,322,154
29,QN,AP,08/12/2011,3/21/12,29,4,2315.827268699999877,256915.609560000011697,,29Q131,323,131
29,QN,DMH,8/8/2001,,29,4,15640.852307099999962,10126226.940500000491738,,29Q095,459,95
29,QN,DMH,08/12/2011,3/21/12,29,4,22497.263410999999905,22143479.268500000238419,,29Q131,460,131
29,QN,DMH,8/8/2001,5/24/07,29,4,20664.765544199999567,17709162.731600001454353,,29Q034,466,34
29,QN,DMH,8/8/2001,,29,4,21364.476630400000431,17548488.7314000017941,,29Q035,461,35
29,QN,DMH,8/8/2001,5/24/07,29,4,22109.381419099998311,19458246.3277000002563,,29Q135,464,135
29,QN,DMH,08/12/2011,5/24/07,29,4,27236.351168500001222,25473556.204900000244379,,29Q033,465,33
30,QN,EP,11/30/2012,,30,4,22727.959513199999492,19095598.619699999690056,"For 2013-14, kindergarten only is zoned to PS 329 located at 26-25 97th Street. Grades 1-5 are zoned to PS 127.","30Q329,30Q127",860,"329 (K), 127 (1-5)"
29,QN,DMH,08/12/2011,3/21/12,26,4,8246.316899499999636,1915369.124820000026375,Optional shared zone: PS 33 and PS 18 share a zone.,"29Q033,26Q018",467,"33, 18"
26,QN,DMH,8/9/2001,,26,4,26816.035652099999425,25270480.556200001388788,,26Q173,468,173
26,QN,DMH,8/9/2001,,26,4,32836.373065500003577,26457062.743000000715256,,26Q178,469,178
26,QN,DMH,8/9/2001,,26,4,18902.233339499998692,16878767.531399998813868,,26Q026,470,26
26,QN,DMH,8/9/2001,,26,4,28032.377419199998258,27056947.66330000013113,,26Q162,471,162
26,QN,DMH,8/9/2001,3/21/12,26,4,28029.199997600000643,20648904.597899999469519,,26Q159,472,159
26,QN,DMH,08/12/2011,3/21/12,26,4,6453.038817949999611,2185615.010679999832064,,26Q031,473,31
26,QN,DMH,8/9/2001,,26,4,20958.471735099999933,18139265.353900000452995,,26Q188,480,188
26,QN,DMH,8/9/2001,,26,4,24269.77231970000139,27823133.274999998509884,,26Q041,474,41
26,QN,DMH,8/9/2001,,26,4,23939.785843800000293,24002371.597500000149012,,26Q203,476,203
26,QN,DMH,8/9/2001,,26,4,14177.725162900000214,8217485.690179999917746,,26Q046,477,46
26,QN,DMH,8/9/2001,,26,4,13585.361365799999476,6801799.791799999773502,,26Q205,478,205
0,QN,DMH,8/9/2001,,0,4,14415.335359700000481,11533569.797800000756979,Park,,479,
30,QN,EP,08/12/2011,3/21/12,30,4,16777.469214100001409,7912362.472409999929368,"For 2013-14, kindergarten only is zoned to PS 329 located at 26-25 97th Street. Grades 1-5 are zoned to an optional shared zone: PS 228 (Grades K-2) and PS 149 (Grades K-5).","30Q329,30Q228,30Q149",861,"329 (K), 228 (1-2), 149 (1-5)"
26,QN,DMH,8/9/2001,,26,4,19730.199889300001814,19091395.307399999350309,,26Q213,481,213
26,QN,DMH,8/9/2001,,26,4,30801.980350999998336,29746341.787500001490116,,26Q098,482,98
26,QN,DMH,8/9/2001,,26,4,24422.084712600000785,22151254.144799999892712,,26Q094,483,94
26,QN,DMH,8/9/2001,,26,4,23627.850912400001107,27730124.902899999171495,,26Q221,484,221
26,QN,DMH,8/9/2001,,26,4,19154.372842699998728,19672912.005899999290705,,26Q186,485,186
26,QN,DMH,8/9/2001,,26,4,22385.862992999998824,23314945.724599998444319,,26Q018,486,18
26,QN,DMH,8/9/2001,,26,4,19707.2716345000008,18167121.353199999779463,,26Q133,487,133
31,SI,DMH,7/26/2001,,31,5,16135.020357100000183,11933487.098200000822544,,31R046,286,46
26,QN,DMH,8/9/2001,,26,4,19373.766683400001057,12470101.794600000604987,,26Q191,488,191
26,QN,DMH,8/9/2001,,26,4,20749.800266800000827,19239830.526200000196695,,26Q115,489,115
29,QN,AMG,5/24/07,,29,4,19301.763720099999773,6688938.528590000234544,,29Q295,805,295
27,QN,DMH,8/8/2001,9/2/04,27,4,20590.928381500001706,16434902.206299999728799,,27Q317,405,317
28,QN,AP,8/13/01,,28,4,17119.432511700000759,14321573.076500000432134,,28Q099,398,99
27,QN,DMH,8/8/2001,,27,4,57946.860790099999576,46695156.638700000941753,,27Q047,410,47
27,QN,DMH,8/8/2001,9/2/04,27,4,27598.93359910000072,20995278.335200000554323,,27Q105,415,105
30,QN,EP,8/13/01,,30,4,11618.115324200000032,7092104.935820000246167,"For 2013-14, kindergarten only is zoned to PS 329 located at 26-25 97th Street. Grades 1-5 are zoned PS 148.","30Q329,30Q148",862,"329 (K), 148 (1-5)"
27,QN,DMH,8/8/2001,,27,4,17359.503020799998922,8974120.237330000847578,,27Q106,416,106
27,QN,DMH,8/8/2001,4/5/04,27,4,16826.916668199999549,10589625.801799999549985,,27Q043,417,43
27,QN,DMH,8/8/2001,,27,4,18156.790945299999294,15265105.0168999992311,,27Q197,421,197
24,QN,AP,08/12/2011,,24,4,14256.604751599999872,4975873.233249999582767,Optional shared zone: PS 305 (Grades K-3) and PS 81 (Grades K-5) share a zone.,"24Q305,24Q081",344,"305 (K-3), 81 (K-5)"
30,QN,EP,8/13/01,,30,4,11618.115324200000032,7092104.935820000246167,"For 2013-14, kindergarten only is zoned to PS 329 located at 26-25 97th Street. Grades 1-5 are zoned PS 127.","30Q329,30Q127",863,"329 (K), 127 (1-5)"
24,QN,AP,8/13/01,,24,4,29503.940681799998856,35138451.920299999415874,,24Q113,346,113
28,QN,AP,8/13/01,,28,4,20947.610763600001519,17150285.570500001311302,,28Q144,351,144
24,QN,AP,8/13/01,,24,4,26260.829200799998944,28215401.776900000870228,,24Q091,391,91
25,QN,AP,8/13/01,,25,4,18330.80013179999878,12764422.470599999651313,,25Q120,324,120
27,QN,DMH,8/8/2001,,27,4,33752.820323599997209,20561450.026599999517202,,27Q146,424,146
27,QN,JB,8/8/2001,06/15/10,27,4,12001.658132900000055,7040783.285570000298321,,27Q062,434,62
27,QN,DMH,8/8/2001,,27,4,25658.761453600000095,25749850.048000000417233,,27Q108,436,108
28,QN,AP,8/13/01,,28,4,20744.262421799998265,18187555.350499998778105,,28Q117,354,117
28,QN,SF,08/12/2011,3/21/12,28,4,21181.171647099999973,16926090.981800001114607,,28Q086,355,86
0,QN,DMH,8/8/2001,,0,4,100579.319948000003933,200629149.108000010251999,Airport,,442,
24,QN,AP,8/13/01,,24,4,12133.134025100000144,7598559.946419999934733,,24Q088,345,88
27,QN,JB,8/8/2001,06/15/10,27,4,17161.476546199999575,9919237.744020000100136,,27Q090,433,90
27,QN,JB,08/12/2011,3/21/12,27,4,17265.186252100000274,11442051.747300000861287,Shared zone: PS 51 (Grades K-1) and PS 56 (Grades 2-5) share a zone.,"27Q051,27Q056",432,"51 (K-1), 56 (2-5)"
28,QN,AP,8/13/01,,28,4,9706.004693459999544,5529847.768280000425875,,28Q082,356,82
29,QN,DMH,8/8/2001,,29,4,25315.615641500000493,25379971.661299999803305,,29Q147,455,147
29,QN,DMH,08/12/2011,9/2/04,29,4,19911.375205899999855,18557540.428800001740456,,29Q116,458,116
29,QN,DMH,8/8/2001,,29,4,20189.187663199998497,19421640.699799999594688,,29Q118,462,118
29,QN,DMH,8/8/2001,,29,4,16511.110148399999161,13494256.882500000298023,,29Q134,463,134
10,BX,DMH,8/3/2001,8/1/05,10,2,9396.228868879999936,2745068.572660000063479,,10X056,811,56
29,QN,AMG,5/16/03,,29,4,21364.32061270000122,19718654.685199998319149,,29Q136,751,136
25,QN,AP,8/13/01,,25,4,28019.565281700000924,25437160.044900000095367,,25Q129,296,129
25,QN,AP,08/12/2011,,25,4,29233.108638300000166,34342348.5878000035882,Northern portion of the PS 79 zone.,25Q079,297,79
25,QN,AP,08/12/2011,,25,4,28582.038508000001457,25636966.589200001209974,Northern portion of of the PS 29 zone.,25Q029,301,29
25,QN,AP,8/13/01,,25,4,18734.328742599998805,11434630.255100000649691,,25Q020,311,20
25,QN,AP,8/13/01,,25,4,16393.467882400000235,12267146.650499999523163,,25Q164,319,164
25,QN,AP,8/13/01,,25,4,18865.928081199999724,22593637.11710000038147,,25Q219,320,219
0,QN,AP,8/13/01,,0,4,11591.296168799999577,7446717.887099999934435,Park,,326,
0,QN,AP,8/13/01,,0,4,10581.287333599999329,5823303.325339999981225,Flushing Airport,,327,
28,QN,AP,8/13/01,,28,4,15870.475942999999461,14231271.777300000190735,,28Q101,352,101
28,QN,AP,8/13/01,,28,4,21890.511902099999133,14238739.524700000882149,,28Q196,353,196
27,QN,JB,08/12/2011,06/15/10,27,4,12180.789042500000505,5004597.554569999687374,,27Q306,803,306
27,QN,JB,06/15/10,06/15/10,27,4,17047.735885800000688,9329007.602479999884963,,27Q060,785,60
27,QN,DMH,8/8/2001,9/2/04,27,4,22607.053723599998193,14781570.685300000011921,,27Q042,409,42
24,QN,AMG,08/12/2011,,24,4,18654.546676499998284,11626832.673599999397993,Eastern portion of the PS 71 zone.,24Q071,343,71
24,QN,AMG,08/12/2011,,24,4,20680.535030099999858,12606659.391499999910593,Western portion of the PS 71 zone.,24Q071,799,71
31,SI,AMG,08/12/2011,,31,5,17895.187718299999688,15816138.966299999505281,Northern portion of the PS 58 zone.,31R058,754,58
31,SI,DMH,7/24/2001,,31,5,23347.867922800000088,24508597.098999999463558,,31R001,251,1
31,SI,DMH,7/24/2001,,31,5,53806.498127099999692,81382834.560900002717972,,31R006,252,6
31,SI,DMH,7/26/2001,,31,5,15307.264556399999492,6693896.635300000198185,,31R031,294,31
31,SI,DMH,7/24/2001,,31,5,47573.2658162000007,75417754.264699995517731,,31R003,253,3
31,SI,DMH,7/24/2001,,31,5,35267.788675499999954,45308584.666500002145767,,31R056,254,56
30,QN,AP,8/13/01,,30,4,11618.115324200000032,7092104.935820000246167,,30Q148,864,148
31,SI,DMH,7/24/2001,9/25/2001,31,5,30909.947586099999171,46938259.127999998629093,,31R005,257,5
0,SI,,,,0,5,7796.095007330000044,3472001.492089999839664,Iisland,,258,
31,SI,DMH,08/12/2011,,31,5,19889.687237699999969,20788564.185699999332428,,31R008,260,8
31,SI,DMH,08/12/2011,,31,5,10490.094482099999368,4902105.910029999911785,Great Kills portion of the PS 8 zone.,31R008,261,8
31,SI,DMH,08/12/2011,3/21/2012,31,5,7223.098069800000303,2184597.300230000168085,Western portion of the PS 50 zone.,31R050,268,50
15,BK,JO,12/09/2012,,0,3,14145.381924200000867,9524630.238940000534058,"For 2013-14, Grade K is zoned to PS 118. Grades 1-5 are zoned to PS 321.","15K118, 15K321",865,"118 (K), 321 (1-5)"
31,SI,DMH,7/24/2001,,31,5,31957.921376300000702,48809387.745899997651577,,31R004,255,4
31,SI,AMG,08/12/2011,,31,5,6778.849640190000173,2989595.957539999857545,Southern portion of the PS 58 zone.,31R058,755,58
31,SI,DMH,7/24/2001,4/12/04,31,5,29454.304144099998666,29087107.142000000923872,,31R055,262,55
31,SI,DMH,7/24/2001,,31,5,31947.4886989000006,43710622.981100000441074,,31R032,263,32
31,SI,DMH,7/24/2001,4/12/04,31,5,34797.527968000002147,49027489.091700002551079,,31R036,256,36
31,SI,DMH,7/24/2001,,31,5,25293.494683299999451,26668871.293099999427795,,31R042,259,42
31,SI,DMH,7/25/2001,,31,5,25795.293472199999087,24095888.225299999117851,,31R038,266,38
20,BK,JO,12/09/2012,,0,3,16666.681866599999921,9867339.847209999337792,"For 2013-14, Grade K is zoned to PS 30; Grades 1-5 are zoned to PS 170.","20K030,20K170",866,"30 (K), 170 (1-5)"
31,SI,JB,7/25/2001,06/15/10,31,5,46418.279513100002077,54110897.30799999833107,,31R044,275,44
31,SI,JB,7/25/2001,06/15/10,31,5,16343.171889100000044,11141413.497700000181794,,31R021,276,21
31,SI,JB,7/25/2001,06/15/10,31,5,46837.730993299999682,33659515.608000002801418,,31R022,277,22
20,BK,JO,12/09/2012,,0,3,16666.681866599999921,9867339.847209999337792,"For 2013-14, Grade K is zoned to PS 30; Grades 1-5 are zoned to PS 127.","20K030,20K127",867,"30 (K), 127 (1-5)"
31,SI,DMH,7/25/2001,,31,5,21916.276265799999237,10193986.529500000178814,,31R018,279,18
31,SI,DMH,7/26/2001,,31,5,21519.240460000000894,22730996.2635000012815,,31R048,288,48
31,SI,DMH,7/26/2001,9/25/2001,31,5,29683.974976000001334,23799098.569299999624491,,31R013,289,13
31,SI,EP,7/26/2001,11/15/2012,31,5,16671.796615499999461,14811543.670199999585748,"For 2013-14, Grades K-3 are zoned to PS 78. Grades 4-5 are zoned to PS 14.","31R078,31R014",290,"78 (K-3), 14 (4-5)"
31,SI,DMH,7/26/2001,,31,5,24690.577006399998936,16103557.871500000357628,,31R057,291,57
31,SI,DMH,7/26/2001,,31,5,26930.433601400000043,20541279.974700000137091,,31R035,292,35
31,SI,DMH,7/26/2001,,31,5,42361.561653700002353,62708522.678000003099442,,31R045,293,45
11,BX,DMH,7/31/2001,8/10/2010,11,2,11803.418505600000572,8565605.314670000225306,,11X169,806,169
31,SI,EP,7/26/2001,11/15/2012,31,5,42779.925360699999146,29455164.720499999821186,"For 2013-14, optional shared zone: PS 16 (Grades K-5) and PS 74 (Grades K-4) share a zone.","31R016,31R074",295,"16 (K-5), 74 (K-4)"
31,SI,DMH,7/25/2001,,31,5,36841.234164900000906,39785986.610399998724461,,31R053,264,53
10,BX,DMH,8/3/2001,,10,2,6617.232625939999707,2211027.076280000153929,,10X340,812,340
31,SI,DMH,08/12/2011,3/21/2012,31,5,29931.835153299998638,27247197.4391999989748,Eastern portion of the PS 50 zone.,31R050,265,50
31,SI,DMH,7/25/2001,,31,5,35779.905103700002655,34287679.962899997830391,,31R041,267,41
31,SI,DMH,7/25/2001,,31,5,48244.861251200003608,102643290.487000003457069,,31R060,274,60
31,SI,DMH,7/25/2001,,31,5,69432.214870700001484,137537622.523000001907349,,31R026,271,26
31,SI,DMH,7/26/2001,,31,5,31818.782874000000447,44143007.034800000488758,,31R052,283,52
31,SI,DMH,7/26/2001,,31,5,38277.302667399999336,71319139.390799999237061,,31R054,281,54
31,SI,DMH,7/26/2001,,31,5,34925.335361999997986,58712236.52759999781847,,31R011,284,11
31,SI,DMH,7/25/2001,,31,5,17801.802860700001474,19750682.982299998402596,,31R069,270,69
30,QN,EP,08/12/2011,11/15/2012,30,4,8304.181258239999806,2307823.473929999861866,"For 2013-14, Grades K-3 are zoned to PS 280. Grades 4-5 are zoned to PS 149.","30Q280,30Q149",793,"280 (K-3), 149 (4-5)"
31,SI,DMH,7/26/2001,9/25/2001,31,5,27422.503684999999678,32426489.504999998956919,,31R039,287,39
31,SI,JB,7/25/2001,06/15/10,31,5,16779.765653400001611,10549094.277200000360608,,31R020,278,20
31,SI,DMH,7/26/2001,,31,5,22077.243074499998329,14746006.499600000679493,,31R019,280,19
31,SI,DMH,7/26/2001,,31,5,29341.822874599998613,28394670.392200000584126,,31R030,282,30
31,SI,DMH,7/26/2001,,31,5,36188.258639200001198,46283723.736900001764297,,31R029,285,29
31,SI,JB,08/12/2011,3/21/2012,31,5,18538.96387440000035,11522534.356100000441074,,31R861,797,861
31,SI,DMH,7/25/2001,,31,5,45840.911643899999035,71052437.653999999165535,,31R023,269,23
10,BX,DMH,8/3/2001,08/03/2011,10,2,7802.124845850000384,2137803.545899999793619,,10X054,813,54
20,BK,,08/12/2011,,21,3,2428.14882402000012,281089.030597999983002,"Zoned to PS 128, is located in District 21.",21K128,794,128
2,MN,CR,12/10/2012,,2,1,15986.665756899999906,11011343.748800000175834,"For 2013-14, Grades K-3 are zoned to PS 267. Grades 4-5 are zoned to PS 59.","02M267,02M059",522,"267 (K-3), 59 (4-5)"
3,MN,SF,01/01/11,6/06/2012,3,1,8183.071135780000077,3768255.770980000030249,"For 2013-14, Grades K-3 are zoned to PS 452. Grades 4-5 are zoned to PS 87.","03M452,03M087",786,"452 (K-3), 87 (4-5)"
10,BX,SF,01/01/2011,12/04/2012,10,2,8574.41069564999998,3243802.334919999819249,,10X023,787,23
22,BK,SF,01/01/2011,,22,3,6975.330557809999846,939333.100600000005215,New school zone created for the 2011-2012 school year.,22K245,788,245
22,BK,SF,01/01/2011,,22,3,16110.280172000000675,4918904.19436000008136,New school zone created for the 2011-2012 school year.,22K134,789,134
22,BK,SF,01/01/2011,,22,3,18413.369689800001652,9475293.171930000185966,New school zone created for the 2011-2012 school year,22K109,790,109
24,QN,SF,01/01/2011,6/28/11,24,4,8443.778626949999307,4183660.931760000064969,"For 2013-14, Grades K-2 are zoned to PS 119. Grades 3-5 are zoned to PS 91.","24Q119,24Q091",791,"119 (K-2), 91 (3-5)"
28,QN,SF,08/12/2011,3/21/12,28,4,10290.811961999999767,5940647.58775999955833,,28Q182,792,182
30,QN,AP,08/12/2011,,30,4,22727.959513199999492,19095598.619699999690056,,30Q127,387,127
25,QN,JH,,3/21/12,25,4,0,0,,25Q214,302,214
20,BK,JLO,01/04/2012,12/09/2012,20,3,16427.947459800001525,10722192.293099999427795,"In 2013-14, Grades K-4 are zoned to PS 748; Grades 5 is zoned to PS 163.","20K748,20K163",819,"748 (K-4), 163 (5)"
2,MN,JH,01/06/2012,01/06/2012,2,1,0,0,"For 2013-14, Grades K-1 are zoned to PS 343. Grades 2-4 are zoned to PS 397. Grade 5 is zoned to PS 234.","02M234,02M343,02M397",824,"343 (K-1), 397 (2-4), 234 (5)"
2,MN,EP,01/06/2012,02/24/2012,2,1,0,0,"For 2013-14,Grades K-1 are zoned to PS 527. Grades 2-5 are zoned to PS 290.","02M290,02M527",825,"527 (K-1), 290 (2-5)"
2,MN,EP,07/24/2001,02/24/2012,2,1,11693.164731099999699,6007405.668870000168681,"For 2013-14, Grades K-4 are zoned to PS 151. Grade 5 is zoned to PS 158.","02M151,02M158",829,"151 (K-4), 158 (5)"
2,MN,EP,07/24/2001,02/24/2012,2,1,11693.164731099999699,6007405.668870000168681,"For 2013-14, Grades K-4 are zoned to PS 151. Grade 5 is zoned to PS 290.","02M151,02M290",831,"151 (K-4), 290 (5)"
20,BK,JLO,02/23/2012,12/09/2012,20,3,16427.947459800001525,10722192.293099999427795,"In 2013-14, Grades K-4 are zoned to PS 748: Grade 5 is zoned to PS 200.","20K748,20K200",826,"748 (K-4), 200 (5)"
20,BK,JLO,02/23/2012,12/09/2012,20,3,16427.947459800001525,10722192.293099999427795,"In 2013-14, Grades K-4 are zoned to PS 748; Grade 5 is zoned to PS 200.","20K748,20K200",828,"748 (K-4), 200 (5)"
32,BK,BG,08/03/2001,,32,3,9549.404773710000882,3703004.404589999932796,,32K377,87,377
2,MN,EP,01/06/2012,02/24/2012,2,1,0,0,"For 2013-14, Grades K-1 are zoned to PS 343. Grades 2-5 are zoned to PS 276.","02M276,02M343",820,"343 (K-1), 276 (2-5)"
2,MN,EP,01/06/2012,02/24/2012,2,1,0,0,"For 2013-14, Grades K-1 are zoned to PS 527. Grades 2-4 are zoned to PS 151. For Grade 5 contact 718-935-2003.","02M151,02M527",821,"527 (K-1), 151 (2-4)"
9,BX,NM,8/1/2001,02/22/2012,9,2,5774.406436500000382,1379220.719909999985248,Shared zone: ECC 170 (Grades K-2) and PS 64 (Grades 3-5).,"09X170,09X064",822,"170 (K-2), 64 (3-5)"
9,BX,NM,8/1/2001,02/22/2012,9,2,5774.406436500000382,1379220.719909999985248,Shared zone: ECC 170 (Grades K-2) and PS 204 (Grades 3-5).,"09X170,09X204",823,"170 (K-2), 204 (3-5)"
30,QN,AP,08/12/2011,3/21/12,30,4,5977.743974910000361,2203578.448090000078082,Zoned by address to: PS 76 for Grades K-5. Contact 718-935-2003 for more information.,30Q076,841,76
30,QN,AP,08/12/2011,3/21/12,30,4,5977.743974910000361,2203578.448090000078082,Zoned by address to: PS 111 for Grades K-5. Contact 718-935-2003 for more information.,30Q111,842,111
30,QN,AP,08/12/2011,3/21/12,30,4,5977.743974910000361,2203578.448090000078082,Zoned by address to: PS 76 for Grades K-5. Contact 718-935-2003 for more information.,30Q076,843,76
0,BK,,,,0,3,20315.946044899999833,21742568.215199999511242,Prospect Park,,146,
10,BX,DMH,8/3/2001,08/11/2011,10,2,22040.740561499998876,13950393.676599999889731,"Marble Hill is in District 10, Bronx. Land is considered to be part of Manhattan.",10X037,830,37
3,MN,SF,01/01/11,6/06/2012,3,1,8183.071135780000077,3768255.770980000030249,"For 2013-14, Grades K-3 are zoned to PS 452. Grades 4-5 are zoned to PS 199.","03M452,03M199",833,"452 (K-3), 199 (4-5)"
2,MN,BG,07/24/2001,,2,1,15986.665756899999906,11011343.748800000175834,"For 2013-14, Grades K-3 are zoned to PS 267. Grades 4-5 are zoned to PS 183.","02M267,02M183",13,"267 (K-3), 183 (4-5)"
2,MN,CR,07/24/2001,12/10/2012,2,1,15986.665756899999906,11011343.748800000175834,"For 2013-14, Grades K-3 are zoned to PS 267. Grades 4-5 are zoned to PS 183.","02M267,02M183",17,"267 (K-3), 183 (4-5)"
2,MN,BG,07/24/2001,,2,1,15986.665756899999906,11011343.748800000175834,"For 2013-14, Grades K-3 are zoned to PS 267. Grades 4-5 are zoned to PS 6.","02M267,02M006",18,"267 (K-3), 6 (4-5)"
30,QN,AP,08/12/2011,3/21/12,30,4,5510.115347979999569,1726741.259749999968335,Zoned by address to: PS 234 for Grades K-5. Contact 718-935-2003 for more information.,30Q234,834,234
30,QN,AP,08/12/2011,3/21/12,30,4,5510.115347979999569,1726741.259749999968335,Zoned by address to: PS 171 for Grades K-5. Contact 718-935-2003 for more information.,30Q171,835,171
30,QN,AP,08/12/2011,3/21/12,30,4,5510.115347979999569,1726741.259749999968335,Zoned by address to: PS 171 for Grades K-5. Contact 718-935-2003 for more information.,30Q171,836,171
30,QN,AP,08/12/2011,3/21/12,30,4,5510.115347979999569,1726741.259749999968335,Zoned by address to: PS 17 for Grades K-5. Contact 718-935-2003 for more information.,30Q017,837,17
30,QN,AP,08/12/2011,3/21/12,30,4,5510.115347979999569,1726741.259749999968335,Zoned by address to: PS 17 for Grades K-5. Contact 718-935-2003 for more information.,30Q017,838,17
30,QN,AP,08/12/2011,3/21/12,30,4,5510.115347979999569,1726741.259749999968335,Zoned by address to: PS 171 for Grades K-5. Contact 718-935-2003 for more information.,30Q171,839,171
30,QN,AP,08/12/2011,3/21/12,30,4,5510.115347979999569,1726741.259749999968335,Zoned by address to: PS 17 for Grades K-5. Contact 718-935-2003 for more information.,30Q017,840,17
11,BX,CR,12/10/2012,,11,2,12027.240644800000155,8711764.214849999174476,,11X106,611,106
11,BX,CR,12/10/2012,,0,2,12027.240644800000155,8711764.214849999174476,"For 2013-14, Grades K-1 are zoned to PS 567.  Grades 2-5 are zoned to PS 194.","11X567,11X194",869,"567 (K-1), 194 (2-5)"
2,MN,CR,12/10/2012,,2,1,21579.300283299999137,20348038.256999999284744,For 2013-14 Grade K is zoned to PS 281 located at 425 E 35th Street. Grades 1-5 are zoned to PS 116.,"02M281,02M116",870,"281 (K), 116 (1-5)"
2,MN,CR,12/10/2012,,2,1,21579.300283299999137,20348038.256999999284744,For 2013-14 Grade K is zoned to PS281 at 425 E 35th Street. Grades 1-5 are zoned to PS 59.,"02M281,02M059",871,"281 (K), 59 (1-5)"
7,BX,AS,12/10/2012,,0,2,17242.150785000001633,14036940.435200000181794,"Northern Priority Area. Beginning in 2013-14, District 7 is unzoned at the elementary level.  Please call 718-935-2003 for more information.",Unzoned,872,Northern Priority Area.
